E07000223,Adur,LTLA,2015,101.400
E07000026,Allerdale,LTLA,2015,107.300
E07000032,Amber Valley,LTLA,2015,111.700
E07000224,Arun,LTLA,2015,102.700
E07000170,Ashfield,LTLA,2015,98.800
E07000105,Ashford,LTLA,2015,99.200
E07000200,Babergh,LTLA,2015,107.400
E09000002,Barking and Dagenham,LTLA,2015,89.000
E09000003,Barnet,LTLA,2015,106.900
E08000016,Barnsley,LTLA,2015,94.500
E07000027,Barrow-in-Furness,LTLA,2015,92.500
E07000066,Basildon,LTLA,2015,100.000
E07000084,Basingstoke and Deane,LTLA,2015,106.200
E07000171,Bassetlaw,LTLA,2015,92.900
E06000022,Bath and North East Somerset,LTLA,2015,109.500
E06000055,Bedford,LTLA,2015,101.500
E09000004,Bexley,LTLA,2015,103.400
E08000025,Birmingham,LTLA,2015,84.200
E07000129,Blaby,LTLA,2015,110.700
E06000008,Blackburn with Darwen,LTLA,2015,91.900
E06000009,Blackpool,LTLA,2015,78.300
E07000033,Bolsover,LTLA,2015,94.100
E08000001,Bolton,LTLA,2015,95.100
E07000136,Boston,LTLA,2015,87.600
E06000058,"Bournemouth, Christchurch and Poole",LTLA,2015,96.800
E06000036,Bracknell Forest,LTLA,2015,112.000
E08000032,Bradford,LTLA,2015,87.400
E07000067,Braintree,LTLA,2015,102.900
E07000143,Breckland,LTLA,2015,102.000
E09000005,Brent,LTLA,2015,99.600
E07000068,Brentwood,LTLA,2015,113.400
E06000043,Brighton and Hove,LTLA,2015,95.200
E06000023,"Bristol, City of",LTLA,2015,88.100
E07000144,Broadland,LTLA,2015,116.500
E09000006,Bromley,LTLA,2015,109.300
E07000234,Bromsgrove,LTLA,2015,111.100
E07000095,Broxbourne,LTLA,2015,109.300
E07000172,Broxtowe,LTLA,2015,115.300
E06000060,Buckinghamshire,LTLA,2015,111.800
E07000117,Burnley,LTLA,2015,84.700
E08000002,Bury,LTLA,2015,99.300
E08000033,Calderdale,LTLA,2015,96.900
E07000008,Cambridge,LTLA,2015,98.200
E10000003,Cambridgeshire,UTLA,2015,108.000
E09000007,Camden,LTLA,2015,91.000
E07000192,Cannock Chase,LTLA,2015,99.800
E07000106,Canterbury,LTLA,2015,96.500
E07000028,Carlisle,LTLA,2015,98.000
E07000069,Castle Point,LTLA,2015,111.500
E06000056,Central Bedfordshire,LTLA,2015,109.800
E07000130,Charnwood,LTLA,2015,110.100
E07000070,Chelmsford,LTLA,2015,109.300
E07000078,Cheltenham,LTLA,2015,107.100
E07000177,Cherwell,LTLA,2015,103.700
E06000049,Cheshire East,LTLA,2015,110.000
E06000050,Cheshire West and Chester,LTLA,2015,105.300
E07000034,Chesterfield,LTLA,2015,97.900
E07000225,Chichester,LTLA,2015,107.900
E07000118,Chorley,LTLA,2015,109.400
E07000071,Colchester,LTLA,2015,101.300
E07000029,Copeland,LTLA,2015,100.600
E06000052,Cornwall,LTLA,2015,100.400
E07000079,Cotswold,LTLA,2015,118.700
E06000047,County Durham,LTLA,2015,95.900
E08000026,Coventry,LTLA,2015,93.000
E07000163,Craven,LTLA,2015,117.700
E07000226,Crawley,LTLA,2015,95.300
E09000008,Croydon,LTLA,2015,97.800
E10000006,Cumbria,UTLA,2015,105.500
E07000096,Dacorum,LTLA,2015,109.200
E06000005,Darlington,LTLA,2015,96.400
E07000107,Dartford,LTLA,2015,92.400
E06000015,Derby,LTLA,2015,92.300
E10000007,Derbyshire,UTLA,2015,108.100
E07000035,Derbyshire Dales,LTLA,2015,123.000
E10000008,Devon,UTLA,2015,109.200
E08000017,Doncaster,LTLA,2015,93.200
E06000059,Dorset,LTLA,2015,108.000
E07000108,Dover,LTLA,2015,97.000
E08000027,Dudley,LTLA,2015,96.100
E09000009,Ealing,LTLA,2015,103.200
E07000009,East Cambridgeshire,LTLA,2015,115.200
E07000040,East Devon,LTLA,2015,114.500
E07000085,East Hampshire,LTLA,2015,113.600
E07000242,East Hertfordshire,LTLA,2015,116.900
E07000137,East Lindsey,LTLA,2015,94.100
E12000004,East Midlands,Region,2015,101.600
E12000006,East of England,Region,2015,104.200
E06000011,East Riding of Yorkshire,LTLA,2015,108.900
E07000193,East Staffordshire,LTLA,2015,104.100
E07000244,East Suffolk,LTLA,2015,103.900
E10000011,East Sussex,UTLA,2015,105.400
E07000061,Eastbourne,LTLA,2015,95.800
E07000086,Eastleigh,LTLA,2015,112.400
E07000030,Eden,LTLA,2015,119.100
E07000207,Elmbridge,LTLA,2015,115.800
E09000010,Enfield,LTLA,2015,97.700
E92000001,ENGLAND,Country,2015,100.000
E07000072,Epping Forest,LTLA,2015,107.100
E07000208,Epsom and Ewell,LTLA,2015,114.200
E07000036,Erewash,LTLA,2015,108.200
E10000012,Essex,UTLA,2015,104.200
E07000041,Exeter,LTLA,2015,98.900
E07000087,Fareham,LTLA,2015,114.200
E07000010,Fenland,LTLA,2015,91.000
E07000112,Folkestone and Hythe,LTLA,2015,98.100
E07000080,Forest of Dean,LTLA,2015,109.200
E07000119,Fylde,LTLA,2015,111.400
E08000037,Gateshead,LTLA,2015,96.500
E07000173,Gedling,LTLA,2015,112.600
E07000081,Gloucester,LTLA,2015,94.700
E10000013,Gloucestershire,UTLA,2015,108.700
E07000088,Gosport,LTLA,2015,98.700
E07000109,Gravesham,LTLA,2015,93.100
E07000145,Great Yarmouth,LTLA,2015,86.600
E09000011,Greenwich,LTLA,2015,89.800
E07000209,Guildford,LTLA,2015,111.300
E09000012,Hackney,LTLA,2015,88.700
E06000006,Halton,LTLA,2015,93.200
E07000164,Hambleton,LTLA,2015,113.400
E09000013,Hammersmith and Fulham,LTLA,2015,96.200
E10000014,Hampshire,UTLA,2015,109.100
E07000131,Harborough,LTLA,2015,116.400
E09000014,Haringey,LTLA,2015,93.900
E07000073,Harlow,LTLA,2015,91.800
E07000165,Harrogate,LTLA,2015,115.100
E09000015,Harrow,LTLA,2015,110.400
E07000089,Hart,LTLA,2015,118.700
E06000001,Hartlepool,LTLA,2015,88.300
E07000062,Hastings,LTLA,2015,91.100
E07000090,Havant,LTLA,2015,98.400
E09000016,Havering,LTLA,2015,104.000
E06000019,"Herefordshire, County of",LTLA,2015,104.500
E10000015,Hertfordshire,UTLA,2015,109.800
E07000098,Hertsmere,LTLA,2015,104.300
E07000037,High Peak,LTLA,2015,110.900
E09000017,Hillingdon,LTLA,2015,100.100
E07000132,Hinckley and Bosworth,LTLA,2015,109.500
E07000227,Horsham,LTLA,2015,118.300
E09000018,Hounslow,LTLA,2015,97.400
E07000011,Huntingdonshire,LTLA,2015,110.500
E07000120,Hyndburn,LTLA,2015,94.700
E07000202,Ipswich,LTLA,2015,88.900
E06000046,Isle of Wight,LTLA,2015,99.900
E09000019,Islington,LTLA,2015,91.200
E09000020,Kensington and Chelsea,LTLA,2015,101.500
E10000016,Kent,UTLA,2015,99.900
E07000146,King's Lynn and West Norfolk,LTLA,2015,98.700
E06000010,"Kingston upon Hull, City of",LTLA,2015,80.300
E09000021,Kingston upon Thames,LTLA,2015,108.600
E08000034,Kirklees,LTLA,2015,98.800
E08000011,Knowsley,LTLA,2015,86.400
E09000022,Lambeth,LTLA,2015,90.100
E10000017,Lancashire,UTLA,2015,99.500
E07000121,Lancaster,LTLA,2015,91.100
E08000035,Leeds,LTLA,2015,91.600
E06000016,Leicester,LTLA,2015,84.000
E10000018,Leicestershire,UTLA,2015,110.800
E07000063,Lewes,LTLA,2015,107.000
E09000023,Lewisham,LTLA,2015,96.500
E07000194,Lichfield,LTLA,2015,111.200
E07000138,Lincoln,LTLA,2015,92.600
E10000019,Lincolnshire,UTLA,2015,102.800
E08000012,Liverpool,LTLA,2015,77.800
E12000007,London,Region,2015,98.300
E06000032,Luton,LTLA,2015,93.400
E07000110,Maidstone,LTLA,2015,103.600
E07000074,Maldon,LTLA,2015,112.100
E07000235,Malvern Hills,LTLA,2015,114.100
E08000003,Manchester,LTLA,2015,77.700
E07000174,Mansfield,LTLA,2015,94.200
E06000035,Medway,LTLA,2015,95.300
E07000133,Melton,LTLA,2015,107.800
E07000187,Mendip,LTLA,2015,99.700
E09000024,Merton,LTLA,2015,105.100
E07000042,Mid Devon,LTLA,2015,112.100
E07000203,Mid Suffolk,LTLA,2015,112.900
E07000228,Mid Sussex,LTLA,2015,119.600
E06000002,Middlesbrough,LTLA,2015,83.300
E06000042,Milton Keynes,LTLA,2015,96.000
E07000210,Mole Valley,LTLA,2015,117.500
E07000091,New Forest,LTLA,2015,110.100
E07000175,Newark and Sherwood,LTLA,2015,105.400
E08000021,Newcastle upon Tyne,LTLA,2015,84.900
E07000195,Newcastle-under-Lyme,LTLA,2015,102.900
E09000025,Newham,LTLA,2015,91.800
E10000020,Norfolk,UTLA,2015,101.700
E07000043,North Devon,LTLA,2015,106.500
E12000001,North East,Region,2015,94.300
E07000038,North East Derbyshire,LTLA,2015,110.900
E06000012,North East Lincolnshire,LTLA,2015,95.400
E07000099,North Hertfordshire,LTLA,2015,112.600
E07000139,North Kesteven,LTLA,2015,123.500
E06000013,North Lincolnshire,LTLA,2015,99.700
E07000147,North Norfolk,LTLA,2015,104.300
E06000061,North Northamptonshire,LTLA,2015,98.100
E06000024,North Somerset,LTLA,2015,103.100
E08000022,North Tyneside,LTLA,2015,101.800
E07000218,North Warwickshire,LTLA,2015,107.000
E12000002,North West,Region,2015,95.800
E07000134,North West Leicestershire,LTLA,2015,108.900
E10000023,North Yorkshire,UTLA,2015,111.200
E06000057,Northumberland,LTLA,2015,102.200
E07000148,Norwich,LTLA,2015,87.400
E06000018,Nottingham,LTLA,2015,81.400
E10000024,Nottinghamshire,UTLA,2015,106.000
E07000219,Nuneaton and Bedworth,LTLA,2015,97.100
E07000135,Oadby and Wigston,LTLA,2015,112.200
E08000004,Oldham,LTLA,2015,92.300
E07000178,Oxford,LTLA,2015,98.900
E10000025,Oxfordshire,UTLA,2015,109.400
E07000122,Pendle,LTLA,2015,95.200
E06000031,Peterborough,LTLA,2015,93.300
E06000026,Plymouth,LTLA,2015,95.300
E06000044,Portsmouth,LTLA,2015,89.100
E07000123,Preston,LTLA,2015,90.800
E06000038,Reading,LTLA,2015,96.800
E09000026,Redbridge,LTLA,2015,104.300
E06000003,Redcar and Cleveland,LTLA,2015,96.600
E07000236,Redditch,LTLA,2015,97.200
E07000211,Reigate and Banstead,LTLA,2015,110.500
E07000124,Ribble Valley,LTLA,2015,113.400
E09000027,Richmond upon Thames,LTLA,2015,120.600
E07000166,Richmondshire,LTLA,2015,118.600
E08000005,Rochdale,LTLA,2015,90.200
E07000075,Rochford,LTLA,2015,114.000
E07000125,Rossendale,LTLA,2015,101.400
E07000064,Rother,LTLA,2015,106.800
E08000018,Rotherham,LTLA,2015,94.300
E07000220,Rugby,LTLA,2015,105.200
E07000212,Runnymede,LTLA,2015,104.500
E07000176,Rushcliffe,LTLA,2015,122.300
E07000092,Rushmoor,LTLA,2015,100.100
E06000017,Rutland,LTLA,2015,122.200
E07000167,Ryedale,LTLA,2015,111.100
E08000006,Salford,LTLA,2015,85.200
E08000028,Sandwell,LTLA,2015,88.900
E07000168,Scarborough,LTLA,2015,99.200
E07000188,Sedgemoor,LTLA,2015,101.200
E08000014,Sefton,LTLA,2015,97.700
E07000169,Selby,LTLA,2015,108.300
E07000111,Sevenoaks,LTLA,2015,114.700
E08000019,Sheffield,LTLA,2015,95.000
E06000051,Shropshire,LTLA,2015,109.100
E06000039,Slough,LTLA,2015,90.200
E08000029,Solihull,LTLA,2015,104.100
E10000027,Somerset,UTLA,2015,103.300
E07000246,Somerset West and Taunton,LTLA,2015,101.800
E07000012,South Cambridgeshire,LTLA,2015,120.200
E07000039,South Derbyshire,LTLA,2015,108.600
E12000008,South East,Region,2015,105.100
E06000025,South Gloucestershire,LTLA,2015,111.300
E07000044,South Hams,LTLA,2015,116.300
E07000140,South Holland,LTLA,2015,100.700
E07000141,South Kesteven,LTLA,2015,108.100
E07000031,South Lakeland,LTLA,2015,116.500
E07000149,South Norfolk,LTLA,2015,114.800
E07000179,South Oxfordshire,LTLA,2015,118.900
E07000126,South Ribble,LTLA,2015,110.600
E07000189,South Somerset,LTLA,2015,108.700
E07000196,South Staffordshire,LTLA,2015,112.400
E08000023,South Tyneside,LTLA,2015,94.600
E12000009,South West,Region,2015,103.400
E06000045,Southampton,LTLA,2015,86.200
E06000033,Southend-on-Sea,LTLA,2015,95.800
E09000028,Southwark,LTLA,2015,86.800
E07000213,Spelthorne,LTLA,2015,105.100
E07000240,St Albans,LTLA,2015,118.000
E08000013,St. Helens,LTLA,2015,94.500
E07000197,Stafford,LTLA,2015,106.800
E10000028,Staffordshire,UTLA,2015,106.400
E07000198,Staffordshire Moorlands,LTLA,2015,109.900
E07000243,Stevenage,LTLA,2015,95.700
E08000007,Stockport,LTLA,2015,103.300
E06000004,Stockton-on-Tees,LTLA,2015,92.200
E06000021,Stoke-on-Trent,LTLA,2015,87.900
E07000221,Stratford-on-Avon,LTLA,2015,116.000
E07000082,Stroud,LTLA,2015,115.300
E10000029,Suffolk,UTLA,2015,103.800
E08000024,Sunderland,LTLA,2015,92.600
E10000030,Surrey,UTLA,2015,112.300
E07000214,Surrey Heath,LTLA,2015,109.900
E09000029,Sutton,LTLA,2015,107.800
E07000113,Swale,LTLA,2015,94.500
E06000030,Swindon,LTLA,2015,97.300
E08000008,Tameside,LTLA,2015,90.900
E07000199,Tamworth,LTLA,2015,103.600
E07000215,Tandridge,LTLA,2015,113.100
E07000045,Teignbridge,LTLA,2015,111.900
E06000020,Telford and Wrekin,LTLA,2015,94.500
E07000076,Tendring,LTLA,2015,88.200
E07000093,Test Valley,LTLA,2015,107.900
E07000083,Tewkesbury,LTLA,2015,112.300
E07000114,Thanet,LTLA,2015,87.900
E07000102,Three Rivers,LTLA,2015,118.900
E06000034,Thurrock,LTLA,2015,94.000
E07000115,Tonbridge and Malling,LTLA,2015,110.500
E06000027,Torbay,LTLA,2015,93.500
E07000046,Torridge,LTLA,2015,102.100
E09000030,Tower Hamlets,LTLA,2015,84.700
E08000009,Trafford,LTLA,2015,111.100
E07000116,Tunbridge Wells,LTLA,2015,112.400
E07000077,Uttlesford,LTLA,2015,114.300
E07000180,Vale of White Horse,LTLA,2015,112.800
E08000036,Wakefield,LTLA,2015,93.900
E08000030,Walsall,LTLA,2015,94.200
E09000031,Waltham Forest,LTLA,2015,98.400
E09000032,Wandsworth,LTLA,2015,99.900
E06000007,Warrington,LTLA,2015,102.500
E07000222,Warwick,LTLA,2015,113.200
E10000031,Warwickshire,UTLA,2015,108.000
E07000103,Watford,LTLA,2015,103.700
E07000216,Waverley,LTLA,2015,120.500
E07000065,Wealden,LTLA,2015,118.000
E07000241,Welwyn Hatfield,LTLA,2015,101.700
E06000037,West Berkshire,LTLA,2015,113.300
E07000047,West Devon,LTLA,2015,111.000
E07000127,West Lancashire,LTLA,2015,99.000
E07000142,West Lindsey,LTLA,2015,106.200
E12000005,West Midlands,Region,2015,97.100
E06000062,West Northamptonshire,LTLA,2015,100.200
E07000181,West Oxfordshire,LTLA,2015,116.500
E07000245,West Suffolk,LTLA,2015,108.000
E10000032,West Sussex,UTLA,2015,106.800
E09000033,Westminster,LTLA,2015,88.900
E08000010,Wigan,LTLA,2015,100.300
E06000054,Wiltshire,LTLA,2015,110.600
E07000094,Winchester,LTLA,2015,117.900
E06000040,Windsor and Maidenhead,LTLA,2015,115.900
E08000015,Wirral,LTLA,2015,100.600
E07000217,Woking,LTLA,2015,110.200
E06000041,Wokingham,LTLA,2015,120.000
E08000031,Wolverhampton,LTLA,2015,85.100
E07000237,Worcester,LTLA,2015,99.600
E10000034,Worcestershire,UTLA,2015,105.200
E07000229,Worthing,LTLA,2015,95.100
E07000238,Wychavon,LTLA,2015,111.000
E07000128,Wyre,LTLA,2015,102.700
E07000239,Wyre Forest,LTLA,2015,98.400
E06000014,York,LTLA,2015,100.500
E12000003,Yorkshire and The Humber,Region,2015,96.300
E07000223,Adur,LTLA,2016,99.200
E07000026,Allerdale,LTLA,2016,105.900
E07000032,Amber Valley,LTLA,2016,108.800
E07000224,Arun,LTLA,2016,99.200
E07000170,Ashfield,LTLA,2016,98.600
E07000105,Ashford,LTLA,2016,100.600
E07000200,Babergh,LTLA,2016,109.500
E09000002,Barking and Dagenham,LTLA,2016,90.800
E09000003,Barnet,LTLA,2016,105.300
E08000016,Barnsley,LTLA,2016,96.600
E07000027,Barrow-in-Furness,LTLA,2016,95.200
E07000066,Basildon,LTLA,2016,100.300
E07000084,Basingstoke and Deane,LTLA,2016,107.200
E07000171,Bassetlaw,LTLA,2016,96.900
E06000022,Bath and North East Somerset,LTLA,2016,110.200
E06000055,Bedford,LTLA,2016,103.000
E09000004,Bexley,LTLA,2016,104.600
E08000025,Birmingham,LTLA,2016,85.800
E07000129,Blaby,LTLA,2016,110.500
E06000008,Blackburn with Darwen,LTLA,2016,89.800
E06000009,Blackpool,LTLA,2016,79.800
E07000033,Bolsover,LTLA,2016,98.500
E08000001,Bolton,LTLA,2016,95.000
E07000136,Boston,LTLA,2016,91.500
E06000058,"Bournemouth, Christchurch and Poole",LTLA,2016,99.600
E06000036,Bracknell Forest,LTLA,2016,113.200
E08000032,Bradford,LTLA,2016,86.900
E07000067,Braintree,LTLA,2016,103.300
E07000143,Breckland,LTLA,2016,103.800
E09000005,Brent,LTLA,2016,101.900
E07000068,Brentwood,LTLA,2016,113.100
E06000043,Brighton and Hove,LTLA,2016,96.700
E06000023,"Bristol, City of",LTLA,2016,88.800
E07000144,Broadland,LTLA,2016,117.200
E09000006,Bromley,LTLA,2016,109.500
E07000234,Bromsgrove,LTLA,2016,112.000
E07000095,Broxbourne,LTLA,2016,103.000
E07000172,Broxtowe,LTLA,2016,113.800
E06000060,Buckinghamshire,LTLA,2016,111.800
E07000117,Burnley,LTLA,2016,93.500
E08000002,Bury,LTLA,2016,99.700
E08000033,Calderdale,LTLA,2016,96.900
E07000008,Cambridge,LTLA,2016,101.000
E10000003,Cambridgeshire,UTLA,2016,109.800
E09000007,Camden,LTLA,2016,93.500
E07000192,Cannock Chase,LTLA,2016,101.400
E07000106,Canterbury,LTLA,2016,98.800
E07000028,Carlisle,LTLA,2016,99.000
E07000069,Castle Point,LTLA,2016,108.500
E06000056,Central Bedfordshire,LTLA,2016,110.600
E07000130,Charnwood,LTLA,2016,109.800
E07000070,Chelmsford,LTLA,2016,112.900
E07000078,Cheltenham,LTLA,2016,105.000
E07000177,Cherwell,LTLA,2016,103.300
E06000049,Cheshire East,LTLA,2016,107.300
E06000050,Cheshire West and Chester,LTLA,2016,108.400
E07000034,Chesterfield,LTLA,2016,98.100
E07000225,Chichester,LTLA,2016,109.300
E07000118,Chorley,LTLA,2016,110.400
E07000071,Colchester,LTLA,2016,102.500
E07000029,Copeland,LTLA,2016,103.800
E06000052,Cornwall,LTLA,2016,100.900
E07000079,Cotswold,LTLA,2016,120.200
E06000047,County Durham,LTLA,2016,98.200
E08000026,Coventry,LTLA,2016,94.100
E07000163,Craven,LTLA,2016,121.300
E07000226,Crawley,LTLA,2016,96.500
E09000008,Croydon,LTLA,2016,99.000
E10000006,Cumbria,UTLA,2016,106.400
E07000096,Dacorum,LTLA,2016,107.800
E06000005,Darlington,LTLA,2016,95.300
E07000107,Dartford,LTLA,2016,93.000
E06000015,Derby,LTLA,2016,91.800
E10000007,Derbyshire,UTLA,2016,108.800
E07000035,Derbyshire Dales,LTLA,2016,121.800
E10000008,Devon,UTLA,2016,108.100
E08000017,Doncaster,LTLA,2016,92.100
E06000059,Dorset,LTLA,2016,108.500
E07000108,Dover,LTLA,2016,100.700
E08000027,Dudley,LTLA,2016,94.500
E09000009,Ealing,LTLA,2016,101.800
E07000009,East Cambridgeshire,LTLA,2016,113.900
E07000040,East Devon,LTLA,2016,114.400
E07000085,East Hampshire,LTLA,2016,114.100
E07000242,East Hertfordshire,LTLA,2016,117.900
E07000137,East Lindsey,LTLA,2016,94.700
E12000004,East Midlands,Region,2016,101.500
E12000006,East of England,Region,2016,104.600
E06000011,East Riding of Yorkshire,LTLA,2016,110.000
E07000193,East Staffordshire,LTLA,2016,103.400
E07000244,East Suffolk,LTLA,2016,104.900
E10000011,East Sussex,UTLA,2016,105.000
E07000061,Eastbourne,LTLA,2016,96.200
E07000086,Eastleigh,LTLA,2016,112.300
E07000030,Eden,LTLA,2016,117.200
E07000207,Elmbridge,LTLA,2016,115.800
E09000010,Enfield,LTLA,2016,98.000
E92000001,ENGLAND,Country,2016,100.500
E07000072,Epping Forest,LTLA,2016,110.000
E07000208,Epsom and Ewell,LTLA,2016,116.400
E07000036,Erewash,LTLA,2016,110.400
E10000012,Essex,UTLA,2016,105.400
E07000041,Exeter,LTLA,2016,97.900
E07000087,Fareham,LTLA,2016,114.200
E07000010,Fenland,LTLA,2016,95.100
E07000112,Folkestone and Hythe,LTLA,2016,99.900
E07000080,Forest of Dean,LTLA,2016,108.500
E07000119,Fylde,LTLA,2016,111.200
E08000037,Gateshead,LTLA,2016,97.000
E07000173,Gedling,LTLA,2016,110.000
E07000081,Gloucester,LTLA,2016,93.600
E10000013,Gloucestershire,UTLA,2016,108.900
E07000088,Gosport,LTLA,2016,96.600
E07000109,Gravesham,LTLA,2016,97.600
E07000145,Great Yarmouth,LTLA,2016,87.300
E09000011,Greenwich,LTLA,2016,92.200
E07000209,Guildford,LTLA,2016,110.200
E09000012,Hackney,LTLA,2016,88.100
E06000006,Halton,LTLA,2016,90.700
E07000164,Hambleton,LTLA,2016,115.300
E09000013,Hammersmith and Fulham,LTLA,2016,97.400
E10000014,Hampshire,UTLA,2016,109.400
E07000131,Harborough,LTLA,2016,116.900
E09000014,Haringey,LTLA,2016,95.700
E07000073,Harlow,LTLA,2016,92.300
E07000165,Harrogate,LTLA,2016,115.000
E09000015,Harrow,LTLA,2016,111.300
E07000089,Hart,LTLA,2016,119.600
E06000001,Hartlepool,LTLA,2016,88.500
E07000062,Hastings,LTLA,2016,90.300
E07000090,Havant,LTLA,2016,99.000
E09000016,Havering,LTLA,2016,104.500
E06000019,"Herefordshire, County of",LTLA,2016,105.700
E10000015,Hertfordshire,UTLA,2016,108.800
E07000098,Hertsmere,LTLA,2016,100.400
E07000037,High Peak,LTLA,2016,110.900
E09000017,Hillingdon,LTLA,2016,101.500
E07000132,Hinckley and Bosworth,LTLA,2016,111.400
E07000227,Horsham,LTLA,2016,116.300
E09000018,Hounslow,LTLA,2016,98.100
E07000011,Huntingdonshire,LTLA,2016,113.500
E07000120,Hyndburn,LTLA,2016,93.900
E07000202,Ipswich,LTLA,2016,93.400
E06000046,Isle of Wight,LTLA,2016,98.700
E09000019,Islington,LTLA,2016,94.300
E09000020,Kensington and Chelsea,LTLA,2016,99.000
E10000016,Kent,UTLA,2016,101.200
E07000146,King's Lynn and West Norfolk,LTLA,2016,94.800
E06000010,"Kingston upon Hull, City of",LTLA,2016,80.800
E09000021,Kingston upon Thames,LTLA,2016,109.900
E08000034,Kirklees,LTLA,2016,98.900
E08000011,Knowsley,LTLA,2016,85.600
E09000022,Lambeth,LTLA,2016,92.300
E10000017,Lancashire,UTLA,2016,101.500
E07000121,Lancaster,LTLA,2016,93.000
E08000035,Leeds,LTLA,2016,91.000
E06000016,Leicester,LTLA,2016,81.900
E10000018,Leicestershire,UTLA,2016,110.500
E07000063,Lewes,LTLA,2016,107.400
E09000023,Lewisham,LTLA,2016,96.500
E07000194,Lichfield,LTLA,2016,109.400
E07000138,Lincoln,LTLA,2016,90.200
E10000019,Lincolnshire,UTLA,2016,102.300
E08000012,Liverpool,LTLA,2016,79.500
E12000007,London,Region,2016,99.200
E06000032,Luton,LTLA,2016,90.500
E07000110,Maidstone,LTLA,2016,103.600
E07000074,Maldon,LTLA,2016,114.100
E07000235,Malvern Hills,LTLA,2016,111.500
E08000003,Manchester,LTLA,2016,78.200
E07000174,Mansfield,LTLA,2016,93.800
E06000035,Medway,LTLA,2016,97.400
E07000133,Melton,LTLA,2016,103.900
E07000187,Mendip,LTLA,2016,102.800
E09000024,Merton,LTLA,2016,104.700
E07000042,Mid Devon,LTLA,2016,112.200
E07000203,Mid Suffolk,LTLA,2016,111.800
E07000228,Mid Sussex,LTLA,2016,120.800
E06000002,Middlesbrough,LTLA,2016,82.500
E06000042,Milton Keynes,LTLA,2016,98.400
E07000210,Mole Valley,LTLA,2016,119.300
E07000091,New Forest,LTLA,2016,110.700
E07000175,Newark and Sherwood,LTLA,2016,106.800
E08000021,Newcastle upon Tyne,LTLA,2016,86.800
E07000195,Newcastle-under-Lyme,LTLA,2016,104.700
E09000025,Newham,LTLA,2016,92.100
E10000020,Norfolk,UTLA,2016,102.300
E07000043,North Devon,LTLA,2016,104.900
E12000001,North East,Region,2016,95.100
E07000038,North East Derbyshire,LTLA,2016,114.900
E06000012,North East Lincolnshire,LTLA,2016,96.400
E07000099,North Hertfordshire,LTLA,2016,113.800
E07000139,North Kesteven,LTLA,2016,119.800
E06000013,North Lincolnshire,LTLA,2016,100.700
E07000147,North Norfolk,LTLA,2016,106.600
E06000061,North Northamptonshire,LTLA,2016,98.000
E06000024,North Somerset,LTLA,2016,102.900
E08000022,North Tyneside,LTLA,2016,101.400
E07000218,North Warwickshire,LTLA,2016,108.900
E12000002,North West,Region,2016,96.300
E07000134,North West Leicestershire,LTLA,2016,107.500
E10000023,North Yorkshire,UTLA,2016,113.000
E06000057,Northumberland,LTLA,2016,100.600
E07000148,Norwich,LTLA,2016,89.200
E06000018,Nottingham,LTLA,2016,81.600
E10000024,Nottinghamshire,UTLA,2016,105.800
E07000219,Nuneaton and Bedworth,LTLA,2016,95.200
E07000135,Oadby and Wigston,LTLA,2016,112.200
E08000004,Oldham,LTLA,2016,92.800
E07000178,Oxford,LTLA,2016,96.400
E10000025,Oxfordshire,UTLA,2016,108.900
E07000122,Pendle,LTLA,2016,96.400
E06000031,Peterborough,LTLA,2016,91.200
E06000026,Plymouth,LTLA,2016,96.200
E06000044,Portsmouth,LTLA,2016,87.700
E07000123,Preston,LTLA,2016,91.500
E06000038,Reading,LTLA,2016,95.400
E09000026,Redbridge,LTLA,2016,105.100
E06000003,Redcar and Cleveland,LTLA,2016,98.000
E07000236,Redditch,LTLA,2016,100.400
E07000211,Reigate and Banstead,LTLA,2016,106.400
E07000124,Ribble Valley,LTLA,2016,119.500
E09000027,Richmond upon Thames,LTLA,2016,118.400
E07000166,Richmondshire,LTLA,2016,119.800
E08000005,Rochdale,LTLA,2016,91.700
E07000075,Rochford,LTLA,2016,111.900
E07000125,Rossendale,LTLA,2016,98.900
E07000064,Rother,LTLA,2016,106.900
E08000018,Rotherham,LTLA,2016,96.500
E07000220,Rugby,LTLA,2016,104.200
E07000212,Runnymede,LTLA,2016,109.000
E07000176,Rushcliffe,LTLA,2016,120.800
E07000092,Rushmoor,LTLA,2016,103.300
E06000017,Rutland,LTLA,2016,120.900
E07000167,Ryedale,LTLA,2016,112.300
E08000006,Salford,LTLA,2016,85.300
E08000028,Sandwell,LTLA,2016,88.300
E07000168,Scarborough,LTLA,2016,101.800
E07000188,Sedgemoor,LTLA,2016,99.800
E08000014,Sefton,LTLA,2016,96.700
E07000169,Selby,LTLA,2016,112.000
E07000111,Sevenoaks,LTLA,2016,114.400
E08000019,Sheffield,LTLA,2016,95.700
E06000051,Shropshire,LTLA,2016,110.900
E06000039,Slough,LTLA,2016,91.500
E08000029,Solihull,LTLA,2016,102.400
E10000027,Somerset,UTLA,2016,104.600
E07000246,Somerset West and Taunton,LTLA,2016,103.300
E07000012,South Cambridgeshire,LTLA,2016,119.900
E07000039,South Derbyshire,LTLA,2016,109.000
E12000008,South East,Region,2016,105.500
E06000025,South Gloucestershire,LTLA,2016,110.500
E07000044,South Hams,LTLA,2016,113.800
E07000140,South Holland,LTLA,2016,99.100
E07000141,South Kesteven,LTLA,2016,107.700
E07000031,South Lakeland,LTLA,2016,118.300
E07000149,South Norfolk,LTLA,2016,116.400
E07000179,South Oxfordshire,LTLA,2016,119.200
E07000126,South Ribble,LTLA,2016,112.600
E07000189,South Somerset,LTLA,2016,110.500
E07000196,South Staffordshire,LTLA,2016,111.400
E08000023,South Tyneside,LTLA,2016,95.700
E12000009,South West,Region,2016,104.000
E06000045,Southampton,LTLA,2016,86.000
E06000033,Southend-on-Sea,LTLA,2016,96.100
E09000028,Southwark,LTLA,2016,88.100
E07000213,Spelthorne,LTLA,2016,104.300
E07000240,St Albans,LTLA,2016,116.500
E08000013,St. Helens,LTLA,2016,93.600
E07000197,Stafford,LTLA,2016,106.500
E10000028,Staffordshire,UTLA,2016,106.100
E07000198,Staffordshire Moorlands,LTLA,2016,110.300
E07000243,Stevenage,LTLA,2016,95.000
E08000007,Stockport,LTLA,2016,105.100
E06000004,Stockton-on-Tees,LTLA,2016,94.100
E06000021,Stoke-on-Trent,LTLA,2016,89.500
E07000221,Stratford-on-Avon,LTLA,2016,115.500
E07000082,Stroud,LTLA,2016,118.200
E10000029,Suffolk,UTLA,2016,105.000
E08000024,Sunderland,LTLA,2016,93.700
E10000030,Surrey,UTLA,2016,113.000
E07000214,Surrey Heath,LTLA,2016,110.000
E09000029,Sutton,LTLA,2016,110.100
E07000113,Swale,LTLA,2016,94.500
E06000030,Swindon,LTLA,2016,99.900
E08000008,Tameside,LTLA,2016,91.500
E07000199,Tamworth,LTLA,2016,100.200
E07000215,Tandridge,LTLA,2016,113.100
E07000045,Teignbridge,LTLA,2016,110.800
E06000020,Telford and Wrekin,LTLA,2016,94.700
E07000076,Tendring,LTLA,2016,89.700
E07000093,Test Valley,LTLA,2016,108.600
E07000083,Tewkesbury,LTLA,2016,113.500
E07000114,Thanet,LTLA,2016,91.100
E07000102,Three Rivers,LTLA,2016,118.300
E06000034,Thurrock,LTLA,2016,93.900
E07000115,Tonbridge and Malling,LTLA,2016,109.000
E06000027,Torbay,LTLA,2016,95.000
E07000046,Torridge,LTLA,2016,100.400
E09000030,Tower Hamlets,LTLA,2016,87.900
E08000009,Trafford,LTLA,2016,111.400
E07000116,Tunbridge Wells,LTLA,2016,112.700
E07000077,Uttlesford,LTLA,2016,119.800
E07000180,Vale of White Horse,LTLA,2016,114.200
E08000036,Wakefield,LTLA,2016,94.400
E08000030,Walsall,LTLA,2016,94.700
E09000031,Waltham Forest,LTLA,2016,100.200
E09000032,Wandsworth,LTLA,2016,102.300
E06000007,Warrington,LTLA,2016,104.100
E07000222,Warwick,LTLA,2016,113.700
E10000031,Warwickshire,UTLA,2016,107.600
E07000103,Watford,LTLA,2016,102.500
E07000216,Waverley,LTLA,2016,124.600
E07000065,Wealden,LTLA,2016,116.600
E07000241,Welwyn Hatfield,LTLA,2016,104.000
E06000037,West Berkshire,LTLA,2016,113.700
E07000047,West Devon,LTLA,2016,109.000
E07000127,West Lancashire,LTLA,2016,102.600
E07000142,West Lindsey,LTLA,2016,107.600
E12000005,West Midlands,Region,2016,97.600
E06000062,West Northamptonshire,LTLA,2016,101.400
E07000181,West Oxfordshire,LTLA,2016,114.600
E07000245,West Suffolk,LTLA,2016,108.200
E10000032,West Sussex,UTLA,2016,106.700
E09000033,Westminster,LTLA,2016,90.900
E08000010,Wigan,LTLA,2016,99.200
E06000054,Wiltshire,LTLA,2016,111.200
E07000094,Winchester,LTLA,2016,115.400
E06000040,Windsor and Maidenhead,LTLA,2016,114.500
E08000015,Wirral,LTLA,2016,100.900
E07000217,Woking,LTLA,2016,114.200
E06000041,Wokingham,LTLA,2016,120.000
E08000031,Wolverhampton,LTLA,2016,87.300
E07000237,Worcester,LTLA,2016,101.300
E10000034,Worcestershire,UTLA,2016,105.800
E07000229,Worthing,LTLA,2016,98.200
E07000238,Wychavon,LTLA,2016,109.200
E07000128,Wyre,LTLA,2016,104.900
E07000239,Wyre Forest,LTLA,2016,100.300
E06000014,York,LTLA,2016,102.600
E12000003,Yorkshire and The Humber,Region,2016,96.800
E07000223,Adur,LTLA,2017,105.400
E07000026,Allerdale,LTLA,2017,106.100
E07000032,Amber Valley,LTLA,2017,107.800
E07000224,Arun,LTLA,2017,104.300
E07000170,Ashfield,LTLA,2017,97.100
E07000105,Ashford,LTLA,2017,99.500
E07000200,Babergh,LTLA,2017,113.500
E09000002,Barking and Dagenham,LTLA,2017,94.200
E09000003,Barnet,LTLA,2017,106.700
E08000016,Barnsley,LTLA,2017,96.800
E07000027,Barrow-in-Furness,LTLA,2017,97.000
E07000066,Basildon,LTLA,2017,97.100
E07000084,Basingstoke and Deane,LTLA,2017,109.600
E07000171,Bassetlaw,LTLA,2017,97.800
E06000022,Bath and North East Somerset,LTLA,2017,110.600
E06000055,Bedford,LTLA,2017,103.100
E09000004,Bexley,LTLA,2017,102.500
E08000025,Birmingham,LTLA,2017,86.500
E07000129,Blaby,LTLA,2017,112.800
E06000008,Blackburn with Darwen,LTLA,2017,93.600
E06000009,Blackpool,LTLA,2017,78.300
E07000033,Bolsover,LTLA,2017,103.700
E08000001,Bolton,LTLA,2017,94.800
E07000136,Boston,LTLA,2017,89.400
E06000058,"Bournemouth, Christchurch and Poole",LTLA,2017,101.800
E06000036,Bracknell Forest,LTLA,2017,113.500
E08000032,Bradford,LTLA,2017,88.500
E07000067,Braintree,LTLA,2017,106.800
E07000143,Breckland,LTLA,2017,105.400
E09000005,Brent,LTLA,2017,100.500
E07000068,Brentwood,LTLA,2017,115.200
E06000043,Brighton and Hove,LTLA,2017,99.100
E06000023,"Bristol, City of",LTLA,2017,92.600
E07000144,Broadland,LTLA,2017,121.800
E09000006,Bromley,LTLA,2017,109.500
E07000234,Bromsgrove,LTLA,2017,114.400
E07000095,Broxbourne,LTLA,2017,107.200
E07000172,Broxtowe,LTLA,2017,110.300
E06000060,Buckinghamshire,LTLA,2017,112.800
E07000117,Burnley,LTLA,2017,92.900
E08000002,Bury,LTLA,2017,100.100
E08000033,Calderdale,LTLA,2017,97.600
E07000008,Cambridge,LTLA,2017,101.200
E10000003,Cambridgeshire,UTLA,2017,110.200
E09000007,Camden,LTLA,2017,90.200
E07000192,Cannock Chase,LTLA,2017,100.100
E07000106,Canterbury,LTLA,2017,98.900
E07000028,Carlisle,LTLA,2017,96.000
E07000069,Castle Point,LTLA,2017,111.500
E06000056,Central Bedfordshire,LTLA,2017,109.500
E07000130,Charnwood,LTLA,2017,108.000
E07000070,Chelmsford,LTLA,2017,106.800
E07000078,Cheltenham,LTLA,2017,107.500
E07000177,Cherwell,LTLA,2017,106.000
E06000049,Cheshire East,LTLA,2017,109.900
E06000050,Cheshire West and Chester,LTLA,2017,108.000
E07000034,Chesterfield,LTLA,2017,97.200
E07000225,Chichester,LTLA,2017,112.000
E07000118,Chorley,LTLA,2017,111.200
E07000071,Colchester,LTLA,2017,99.100
E07000029,Copeland,LTLA,2017,103.200
E06000052,Cornwall,LTLA,2017,101.900
E07000079,Cotswold,LTLA,2017,121.500
E06000047,County Durham,LTLA,2017,97.500
E08000026,Coventry,LTLA,2017,90.900
E07000163,Craven,LTLA,2017,119.300
E07000226,Crawley,LTLA,2017,99.600
E09000008,Croydon,LTLA,2017,98.500
E10000006,Cumbria,UTLA,2017,106.900
E07000096,Dacorum,LTLA,2017,107.400
E06000005,Darlington,LTLA,2017,95.100
E07000107,Dartford,LTLA,2017,97.000
E06000015,Derby,LTLA,2017,92.200
E10000007,Derbyshire,UTLA,2017,108.400
E07000035,Derbyshire Dales,LTLA,2017,122.700
E10000008,Devon,UTLA,2017,110.300
E08000017,Doncaster,LTLA,2017,93.000
E06000059,Dorset,LTLA,2017,108.300
E07000108,Dover,LTLA,2017,100.900
E08000027,Dudley,LTLA,2017,95.100
E09000009,Ealing,LTLA,2017,102.600
E07000009,East Cambridgeshire,LTLA,2017,114.100
E07000040,East Devon,LTLA,2017,115.500
E07000085,East Hampshire,LTLA,2017,116.200
E07000242,East Hertfordshire,LTLA,2017,116.100
E07000137,East Lindsey,LTLA,2017,91.000
E12000004,East Midlands,Region,2017,100.900
E12000006,East of England,Region,2017,104.800
E06000011,East Riding of Yorkshire,LTLA,2017,109.800
E07000193,East Staffordshire,LTLA,2017,102.900
E07000244,East Suffolk,LTLA,2017,105.500
E10000011,East Sussex,UTLA,2017,104.400
E07000061,Eastbourne,LTLA,2017,96.500
E07000086,Eastleigh,LTLA,2017,115.400
E07000030,Eden,LTLA,2017,123.300
E07000207,Elmbridge,LTLA,2017,120.700
E09000010,Enfield,LTLA,2017,98.100
E92000001,ENGLAND,Country,2017,100.900
E07000072,Epping Forest,LTLA,2017,109.200
E07000208,Epsom and Ewell,LTLA,2017,118.200
E07000036,Erewash,LTLA,2017,107.000
E10000012,Essex,UTLA,2017,104.500
E07000041,Exeter,LTLA,2017,102.500
E07000087,Fareham,LTLA,2017,116.400
E07000010,Fenland,LTLA,2017,93.200
E07000112,Folkestone and Hythe,LTLA,2017,98.400
E07000080,Forest of Dean,LTLA,2017,110.600
E07000119,Fylde,LTLA,2017,111.400
E08000037,Gateshead,LTLA,2017,95.000
E07000173,Gedling,LTLA,2017,110.100
E07000081,Gloucester,LTLA,2017,94.300
E10000013,Gloucestershire,UTLA,2017,110.200
E07000088,Gosport,LTLA,2017,94.800
E07000109,Gravesham,LTLA,2017,97.700
E07000145,Great Yarmouth,LTLA,2017,87.900
E09000011,Greenwich,LTLA,2017,93.300
E07000209,Guildford,LTLA,2017,114.200
E09000012,Hackney,LTLA,2017,91.000
E06000006,Halton,LTLA,2017,92.100
E07000164,Hambleton,LTLA,2017,113.100
E09000013,Hammersmith and Fulham,LTLA,2017,96.000
E10000014,Hampshire,UTLA,2017,110.500
E07000131,Harborough,LTLA,2017,115.300
E09000014,Haringey,LTLA,2017,96.400
E07000073,Harlow,LTLA,2017,92.500
E07000165,Harrogate,LTLA,2017,117.500
E09000015,Harrow,LTLA,2017,108.900
E07000089,Hart,LTLA,2017,116.600
E06000001,Hartlepool,LTLA,2017,86.300
E07000062,Hastings,LTLA,2017,88.500
E07000090,Havant,LTLA,2017,95.900
E09000016,Havering,LTLA,2017,104.200
E06000019,"Herefordshire, County of",LTLA,2017,107.700
E10000015,Hertfordshire,UTLA,2017,108.800
E07000098,Hertsmere,LTLA,2017,101.000
E07000037,High Peak,LTLA,2017,113.600
E09000017,Hillingdon,LTLA,2017,103.100
E07000132,Hinckley and Bosworth,LTLA,2017,110.900
E07000227,Horsham,LTLA,2017,114.700
E09000018,Hounslow,LTLA,2017,96.300
E07000011,Huntingdonshire,LTLA,2017,115.300
E07000120,Hyndburn,LTLA,2017,89.600
E07000202,Ipswich,LTLA,2017,93.500
E06000046,Isle of Wight,LTLA,2017,100.000
E09000019,Islington,LTLA,2017,91.500
E09000020,Kensington and Chelsea,LTLA,2017,98.000
E10000016,Kent,UTLA,2017,101.300
E07000146,King's Lynn and West Norfolk,LTLA,2017,98.900
E06000010,"Kingston upon Hull, City of",LTLA,2017,80.100
E09000021,Kingston upon Thames,LTLA,2017,109.000
E08000034,Kirklees,LTLA,2017,99.400
E08000011,Knowsley,LTLA,2017,85.000
E09000022,Lambeth,LTLA,2017,93.200
E10000017,Lancashire,UTLA,2017,101.400
E07000121,Lancaster,LTLA,2017,93.200
E08000035,Leeds,LTLA,2017,92.600
E06000016,Leicester,LTLA,2017,83.300
E10000018,Leicestershire,UTLA,2017,109.900
E07000063,Lewes,LTLA,2017,106.600
E09000023,Lewisham,LTLA,2017,96.600
E07000194,Lichfield,LTLA,2017,111.900
E07000138,Lincoln,LTLA,2017,90.900
E10000019,Lincolnshire,UTLA,2017,101.100
E08000012,Liverpool,LTLA,2017,79.700
E12000007,London,Region,2017,99.000
E06000032,Luton,LTLA,2017,90.400
E07000110,Maidstone,LTLA,2017,103.600
E07000074,Maldon,LTLA,2017,108.200
E07000235,Malvern Hills,LTLA,2017,112.200
E08000003,Manchester,LTLA,2017,80.000
E07000174,Mansfield,LTLA,2017,93.900
E06000035,Medway,LTLA,2017,97.000
E07000133,Melton,LTLA,2017,103.500
E07000187,Mendip,LTLA,2017,104.300
E09000024,Merton,LTLA,2017,104.600
E07000042,Mid Devon,LTLA,2017,111.800
E07000203,Mid Suffolk,LTLA,2017,114.200
E07000228,Mid Sussex,LTLA,2017,119.400
E06000002,Middlesbrough,LTLA,2017,82.700
E06000042,Milton Keynes,LTLA,2017,98.000
E07000210,Mole Valley,LTLA,2017,116.800
E07000091,New Forest,LTLA,2017,112.600
E07000175,Newark and Sherwood,LTLA,2017,107.200
E08000021,Newcastle upon Tyne,LTLA,2017,85.700
E07000195,Newcastle-under-Lyme,LTLA,2017,103.100
E09000025,Newham,LTLA,2017,92.200
E10000020,Norfolk,UTLA,2017,104.200
E07000043,North Devon,LTLA,2017,108.700
E12000001,North East,Region,2017,94.600
E07000038,North East Derbyshire,LTLA,2017,111.100
E06000012,North East Lincolnshire,LTLA,2017,96.400
E07000099,North Hertfordshire,LTLA,2017,110.000
E07000139,North Kesteven,LTLA,2017,118.800
E06000013,North Lincolnshire,LTLA,2017,99.100
E07000147,North Norfolk,LTLA,2017,109.500
E06000061,North Northamptonshire,LTLA,2017,96.800
E06000024,North Somerset,LTLA,2017,105.100
E08000022,North Tyneside,LTLA,2017,100.000
E07000218,North Warwickshire,LTLA,2017,106.200
E12000002,North West,Region,2017,97.200
E07000134,North West Leicestershire,LTLA,2017,108.000
E10000023,North Yorkshire,UTLA,2017,112.700
E06000057,Northumberland,LTLA,2017,101.700
E07000148,Norwich,LTLA,2017,87.700
E06000018,Nottingham,LTLA,2017,82.100
E10000024,Nottinghamshire,UTLA,2017,105.300
E07000219,Nuneaton and Bedworth,LTLA,2017,94.600
E07000135,Oadby and Wigston,LTLA,2017,109.400
E08000004,Oldham,LTLA,2017,94.300
E07000178,Oxford,LTLA,2017,98.000
E10000025,Oxfordshire,UTLA,2017,110.200
E07000122,Pendle,LTLA,2017,93.100
E06000031,Peterborough,LTLA,2017,90.400
E06000026,Plymouth,LTLA,2017,96.000
E06000044,Portsmouth,LTLA,2017,86.600
E07000123,Preston,LTLA,2017,92.800
E06000038,Reading,LTLA,2017,97.200
E09000026,Redbridge,LTLA,2017,101.900
E06000003,Redcar and Cleveland,LTLA,2017,97.900
E07000236,Redditch,LTLA,2017,100.600
E07000211,Reigate and Banstead,LTLA,2017,108.800
E07000124,Ribble Valley,LTLA,2017,122.800
E09000027,Richmond upon Thames,LTLA,2017,119.200
E07000166,Richmondshire,LTLA,2017,117.600
E08000005,Rochdale,LTLA,2017,92.300
E07000075,Rochford,LTLA,2017,115.500
E07000125,Rossendale,LTLA,2017,99.200
E07000064,Rother,LTLA,2017,105.000
E08000018,Rotherham,LTLA,2017,94.700
E07000220,Rugby,LTLA,2017,103.500
E07000212,Runnymede,LTLA,2017,109.400
E07000176,Rushcliffe,LTLA,2017,121.000
E07000092,Rushmoor,LTLA,2017,107.300
E06000017,Rutland,LTLA,2017,120.600
E07000167,Ryedale,LTLA,2017,111.000
E08000006,Salford,LTLA,2017,86.000
E08000028,Sandwell,LTLA,2017,86.600
E07000168,Scarborough,LTLA,2017,101.800
E07000188,Sedgemoor,LTLA,2017,98.900
E08000014,Sefton,LTLA,2017,99.500
E07000169,Selby,LTLA,2017,110.400
E07000111,Sevenoaks,LTLA,2017,110.900
E08000019,Sheffield,LTLA,2017,96.200
E06000051,Shropshire,LTLA,2017,108.600
E06000039,Slough,LTLA,2017,92.100
E08000029,Solihull,LTLA,2017,102.600
E10000027,Somerset,UTLA,2017,106.800
E07000246,Somerset West and Taunton,LTLA,2017,110.600
E07000012,South Cambridgeshire,LTLA,2017,120.500
E07000039,South Derbyshire,LTLA,2017,108.300
E12000008,South East,Region,2017,106.400
E06000025,South Gloucestershire,LTLA,2017,111.900
E07000044,South Hams,LTLA,2017,116.200
E07000140,South Holland,LTLA,2017,96.100
E07000141,South Kesteven,LTLA,2017,108.600
E07000031,South Lakeland,LTLA,2017,119.500
E07000149,South Norfolk,LTLA,2017,117.000
E07000179,South Oxfordshire,LTLA,2017,118.500
E07000126,South Ribble,LTLA,2017,111.900
E07000189,South Somerset,LTLA,2017,110.700
E07000196,South Staffordshire,LTLA,2017,112.500
E08000023,South Tyneside,LTLA,2017,95.600
E12000009,South West,Region,2017,105.400
E06000045,Southampton,LTLA,2017,86.400
E06000033,Southend-on-Sea,LTLA,2017,96.300
E09000028,Southwark,LTLA,2017,87.700
E07000213,Spelthorne,LTLA,2017,110.300
E07000240,St Albans,LTLA,2017,118.100
E08000013,St. Helens,LTLA,2017,95.200
E07000197,Stafford,LTLA,2017,109.300
E10000028,Staffordshire,UTLA,2017,106.900
E07000198,Staffordshire Moorlands,LTLA,2017,114.100
E07000243,Stevenage,LTLA,2017,99.000
E08000007,Stockport,LTLA,2017,106.300
E06000004,Stockton-on-Tees,LTLA,2017,93.100
E06000021,Stoke-on-Trent,LTLA,2017,90.200
E07000221,Stratford-on-Avon,LTLA,2017,113.900
E07000082,Stroud,LTLA,2017,117.900
E10000029,Suffolk,UTLA,2017,106.700
E08000024,Sunderland,LTLA,2017,94.000
E10000030,Surrey,UTLA,2017,115.300
E07000214,Surrey Heath,LTLA,2017,116.300
E09000029,Sutton,LTLA,2017,109.800
E07000113,Swale,LTLA,2017,95.500
E06000030,Swindon,LTLA,2017,99.700
E08000008,Tameside,LTLA,2017,92.500
E07000199,Tamworth,LTLA,2017,99.800
E07000215,Tandridge,LTLA,2017,116.400
E07000045,Teignbridge,LTLA,2017,112.300
E06000020,Telford and Wrekin,LTLA,2017,94.500
E07000076,Tendring,LTLA,2017,90.600
E07000093,Test Valley,LTLA,2017,109.700
E07000083,Tewkesbury,LTLA,2017,115.000
E07000114,Thanet,LTLA,2017,89.200
E07000102,Three Rivers,LTLA,2017,117.700
E06000034,Thurrock,LTLA,2017,93.800
E07000115,Tonbridge and Malling,LTLA,2017,111.000
E06000027,Torbay,LTLA,2017,94.900
E07000046,Torridge,LTLA,2017,102.500
E09000030,Tower Hamlets,LTLA,2017,86.600
E08000009,Trafford,LTLA,2017,111.500
E07000116,Tunbridge Wells,LTLA,2017,114.800
E07000077,Uttlesford,LTLA,2017,120.100
E07000180,Vale of White Horse,LTLA,2017,115.800
E08000036,Wakefield,LTLA,2017,94.300
E08000030,Walsall,LTLA,2017,93.000
E09000031,Waltham Forest,LTLA,2017,101.700
E09000032,Wandsworth,LTLA,2017,102.400
E06000007,Warrington,LTLA,2017,106.800
E07000222,Warwick,LTLA,2017,112.300
E10000031,Warwickshire,UTLA,2017,106.300
E07000103,Watford,LTLA,2017,101.500
E07000216,Waverley,LTLA,2017,123.800
E07000065,Wealden,LTLA,2017,116.900
E07000241,Welwyn Hatfield,LTLA,2017,103.000
E06000037,West Berkshire,LTLA,2017,112.700
E07000047,West Devon,LTLA,2017,111.300
E07000127,West Lancashire,LTLA,2017,102.300
E07000142,West Lindsey,LTLA,2017,107.200
E12000005,West Midlands,Region,2017,97.500
E06000062,West Northamptonshire,LTLA,2017,99.600
E07000181,West Oxfordshire,LTLA,2017,116.000
E07000245,West Suffolk,LTLA,2017,110.800
E10000032,West Sussex,UTLA,2017,108.900
E09000033,Westminster,LTLA,2017,91.600
E08000010,Wigan,LTLA,2017,99.800
E06000054,Wiltshire,LTLA,2017,111.300
E07000094,Winchester,LTLA,2017,116.800
E06000040,Windsor and Maidenhead,LTLA,2017,114.500
E08000015,Wirral,LTLA,2017,103.000
E07000217,Woking,LTLA,2017,113.500
E06000041,Wokingham,LTLA,2017,120.200
E08000031,Wolverhampton,LTLA,2017,88.000
E07000237,Worcester,LTLA,2017,101.600
E10000034,Worcestershire,UTLA,2017,106.600
E07000229,Worthing,LTLA,2017,102.000
E07000238,Wychavon,LTLA,2017,109.400
E07000128,Wyre,LTLA,2017,106.400
E07000239,Wyre Forest,LTLA,2017,101.400
E06000014,York,LTLA,2017,102.200
E12000003,Yorkshire and The Humber,Region,2017,97.100
E07000223,Adur,LTLA,2018,102.700
E07000026,Allerdale,LTLA,2018,106.200
E07000032,Amber Valley,LTLA,2018,110.500
E07000224,Arun,LTLA,2018,103.200
E07000170,Ashfield,LTLA,2018,98.100
E07000105,Ashford,LTLA,2018,100.900
E07000200,Babergh,LTLA,2018,110.700
E09000002,Barking and Dagenham,LTLA,2018,92.100
E09000003,Barnet,LTLA,2018,106.800
E08000016,Barnsley,LTLA,2018,97.300
E07000027,Barrow-in-Furness,LTLA,2018,96.800
E07000066,Basildon,LTLA,2018,96.900
E07000084,Basingstoke and Deane,LTLA,2018,106.800
E07000171,Bassetlaw,LTLA,2018,95.000
E06000022,Bath and North East Somerset,LTLA,2018,115.500
E06000055,Bedford,LTLA,2018,100.700
E09000004,Bexley,LTLA,2018,105.300
E08000025,Birmingham,LTLA,2018,86.000
E07000129,Blaby,LTLA,2018,111.900
E06000008,Blackburn with Darwen,LTLA,2018,92.200
E06000009,Blackpool,LTLA,2018,77.500
E07000033,Bolsover,LTLA,2018,101.200
E08000001,Bolton,LTLA,2018,94.500
E07000136,Boston,LTLA,2018,91.500
E06000058,"Bournemouth, Christchurch and Poole",LTLA,2018,101.300
E06000036,Bracknell Forest,LTLA,2018,112.400
E08000032,Bradford,LTLA,2018,89.600
E07000067,Braintree,LTLA,2018,104.200
E07000143,Breckland,LTLA,2018,102.300
E09000005,Brent,LTLA,2018,101.900
E07000068,Brentwood,LTLA,2018,116.100
E06000043,Brighton and Hove,LTLA,2018,98.700
E06000023,"Bristol, City of",LTLA,2018,93.000
E07000144,Broadland,LTLA,2018,118.500
E09000006,Bromley,LTLA,2018,109.100
E07000234,Bromsgrove,LTLA,2018,115.000
E07000095,Broxbourne,LTLA,2018,104.900
E07000172,Broxtowe,LTLA,2018,111.400
E06000060,Buckinghamshire,LTLA,2018,112.600
E07000117,Burnley,LTLA,2018,87.600
E08000002,Bury,LTLA,2018,99.500
E08000033,Calderdale,LTLA,2018,96.000
E07000008,Cambridge,LTLA,2018,103.900
E10000003,Cambridgeshire,UTLA,2018,110.500
E09000007,Camden,LTLA,2018,92.600
E07000192,Cannock Chase,LTLA,2018,101.500
E07000106,Canterbury,LTLA,2018,96.900
E07000028,Carlisle,LTLA,2018,99.500
E07000069,Castle Point,LTLA,2018,110.100
E06000056,Central Bedfordshire,LTLA,2018,110.000
E07000130,Charnwood,LTLA,2018,109.900
E07000070,Chelmsford,LTLA,2018,108.200
E07000078,Cheltenham,LTLA,2018,110.600
E07000177,Cherwell,LTLA,2018,107.300
E06000049,Cheshire East,LTLA,2018,109.800
E06000050,Cheshire West and Chester,LTLA,2018,107.800
E07000034,Chesterfield,LTLA,2018,97.400
E07000225,Chichester,LTLA,2018,112.300
E07000118,Chorley,LTLA,2018,113.500
E07000071,Colchester,LTLA,2018,99.300
E07000029,Copeland,LTLA,2018,99.300
E06000052,Cornwall,LTLA,2018,101.600
E07000079,Cotswold,LTLA,2018,120.800
E06000047,County Durham,LTLA,2018,96.700
E08000026,Coventry,LTLA,2018,90.400
E07000163,Craven,LTLA,2018,117.600
E07000226,Crawley,LTLA,2018,100.000
E09000008,Croydon,LTLA,2018,100.000
E10000006,Cumbria,UTLA,2018,106.300
E07000096,Dacorum,LTLA,2018,106.400
E06000005,Darlington,LTLA,2018,96.300
E07000107,Dartford,LTLA,2018,99.100
E06000015,Derby,LTLA,2018,93.800
E10000007,Derbyshire,UTLA,2018,108.700
E07000035,Derbyshire Dales,LTLA,2018,119.100
E10000008,Devon,UTLA,2018,110.400
E08000017,Doncaster,LTLA,2018,91.300
E06000059,Dorset,LTLA,2018,111.100
E07000108,Dover,LTLA,2018,100.800
E08000027,Dudley,LTLA,2018,95.100
E09000009,Ealing,LTLA,2018,104.900
E07000009,East Cambridgeshire,LTLA,2018,117.700
E07000040,East Devon,LTLA,2018,118.200
E07000085,East Hampshire,LTLA,2018,116.000
E07000242,East Hertfordshire,LTLA,2018,118.800
E07000137,East Lindsey,LTLA,2018,89.400
E12000004,East Midlands,Region,2018,101.100
E12000006,East of England,Region,2018,104.500
E06000011,East Riding of Yorkshire,LTLA,2018,110.900
E07000193,East Staffordshire,LTLA,2018,102.800
E07000244,East Suffolk,LTLA,2018,106.200
E10000011,East Sussex,UTLA,2018,103.700
E07000061,Eastbourne,LTLA,2018,93.900
E07000086,Eastleigh,LTLA,2018,109.200
E07000030,Eden,LTLA,2018,118.900
E07000207,Elmbridge,LTLA,2018,123.200
E09000010,Enfield,LTLA,2018,98.000
E92000001,ENGLAND,Country,2018,100.900
E07000072,Epping Forest,LTLA,2018,109.100
E07000208,Epsom and Ewell,LTLA,2018,113.600
E07000036,Erewash,LTLA,2018,105.600
E10000012,Essex,UTLA,2018,104.400
E07000041,Exeter,LTLA,2018,101.900
E07000087,Fareham,LTLA,2018,117.700
E07000010,Fenland,LTLA,2018,93.300
E07000112,Folkestone and Hythe,LTLA,2018,102.500
E07000080,Forest of Dean,LTLA,2018,116.100
E07000119,Fylde,LTLA,2018,115.000
E08000037,Gateshead,LTLA,2018,95.400
E07000173,Gedling,LTLA,2018,112.000
E07000081,Gloucester,LTLA,2018,96.500
E10000013,Gloucestershire,UTLA,2018,111.900
E07000088,Gosport,LTLA,2018,94.700
E07000109,Gravesham,LTLA,2018,97.300
E07000145,Great Yarmouth,LTLA,2018,90.900
E09000011,Greenwich,LTLA,2018,94.600
E07000209,Guildford,LTLA,2018,113.300
E09000012,Hackney,LTLA,2018,91.500
E06000006,Halton,LTLA,2018,91.100
E07000164,Hambleton,LTLA,2018,115.800
E09000013,Hammersmith and Fulham,LTLA,2018,96.800
E10000014,Hampshire,UTLA,2018,109.600
E07000131,Harborough,LTLA,2018,112.700
E09000014,Haringey,LTLA,2018,97.400
E07000073,Harlow,LTLA,2018,92.700
E07000165,Harrogate,LTLA,2018,114.000
E09000015,Harrow,LTLA,2018,109.600
E07000089,Hart,LTLA,2018,121.100
E06000001,Hartlepool,LTLA,2018,85.600
E07000062,Hastings,LTLA,2018,88.900
E07000090,Havant,LTLA,2018,98.300
E09000016,Havering,LTLA,2018,103.500
E06000019,"Herefordshire, County of",LTLA,2018,104.700
E10000015,Hertfordshire,UTLA,2018,107.700
E07000098,Hertsmere,LTLA,2018,102.000
E07000037,High Peak,LTLA,2018,111.500
E09000017,Hillingdon,LTLA,2018,102.300
E07000132,Hinckley and Bosworth,LTLA,2018,107.100
E07000227,Horsham,LTLA,2018,119.700
E09000018,Hounslow,LTLA,2018,99.400
E07000011,Huntingdonshire,LTLA,2018,112.100
E07000120,Hyndburn,LTLA,2018,95.400
E07000202,Ipswich,LTLA,2018,92.100
E06000046,Isle of Wight,LTLA,2018,100.300
E09000019,Islington,LTLA,2018,94.300
E09000020,Kensington and Chelsea,LTLA,2018,98.400
E10000016,Kent,UTLA,2018,101.600
E07000146,King's Lynn and West Norfolk,LTLA,2018,95.500
E06000010,"Kingston upon Hull, City of",LTLA,2018,78.100
E09000021,Kingston upon Thames,LTLA,2018,109.500
E08000034,Kirklees,LTLA,2018,97.200
E08000011,Knowsley,LTLA,2018,88.000
E09000022,Lambeth,LTLA,2018,91.900
E10000017,Lancashire,UTLA,2018,101.800
E07000121,Lancaster,LTLA,2018,94.100
E08000035,Leeds,LTLA,2018,93.200
E06000016,Leicester,LTLA,2018,87.200
E10000018,Leicestershire,UTLA,2018,109.200
E07000063,Lewes,LTLA,2018,104.700
E09000023,Lewisham,LTLA,2018,99.800
E07000194,Lichfield,LTLA,2018,107.800
E07000138,Lincoln,LTLA,2018,85.600
E10000019,Lincolnshire,UTLA,2018,100.400
E08000012,Liverpool,LTLA,2018,82.900
E12000007,London,Region,2018,99.800
E06000032,Luton,LTLA,2018,93.300
E07000110,Maidstone,LTLA,2018,104.200
E07000074,Maldon,LTLA,2018,109.700
E07000235,Malvern Hills,LTLA,2018,110.200
E08000003,Manchester,LTLA,2018,80.800
E07000174,Mansfield,LTLA,2018,90.100
E06000035,Medway,LTLA,2018,97.700
E07000133,Melton,LTLA,2018,102.700
E07000187,Mendip,LTLA,2018,105.700
E09000024,Merton,LTLA,2018,105.000
E07000042,Mid Devon,LTLA,2018,111.200
E07000203,Mid Suffolk,LTLA,2018,115.200
E07000228,Mid Sussex,LTLA,2018,120.400
E06000002,Middlesbrough,LTLA,2018,80.900
E06000042,Milton Keynes,LTLA,2018,97.800
E07000210,Mole Valley,LTLA,2018,119.100
E07000091,New Forest,LTLA,2018,111.700
E07000175,Newark and Sherwood,LTLA,2018,102.000
E08000021,Newcastle upon Tyne,LTLA,2018,86.000
E07000195,Newcastle-under-Lyme,LTLA,2018,104.400
E09000025,Newham,LTLA,2018,92.400
E10000020,Norfolk,UTLA,2018,103.000
E07000043,North Devon,LTLA,2018,106.900
E12000001,North East,Region,2018,93.900
E07000038,North East Derbyshire,LTLA,2018,113.700
E06000012,North East Lincolnshire,LTLA,2018,94.300
E07000099,North Hertfordshire,LTLA,2018,110.500
E07000139,North Kesteven,LTLA,2018,116.600
E06000013,North Lincolnshire,LTLA,2018,93.400
E07000147,North Norfolk,LTLA,2018,110.600
E06000061,North Northamptonshire,LTLA,2018,97.700
E06000024,North Somerset,LTLA,2018,105.800
E08000022,North Tyneside,LTLA,2018,99.500
E07000218,North Warwickshire,LTLA,2018,104.400
E12000002,North West,Region,2018,97.100
E07000134,North West Leicestershire,LTLA,2018,108.100
E10000023,North Yorkshire,UTLA,2018,111.700
E06000057,Northumberland,LTLA,2018,101.000
E07000148,Norwich,LTLA,2018,88.400
E06000018,Nottingham,LTLA,2018,82.000
E10000024,Nottinghamshire,UTLA,2018,104.200
E07000219,Nuneaton and Bedworth,LTLA,2018,95.300
E07000135,Oadby and Wigston,LTLA,2018,108.400
E08000004,Oldham,LTLA,2018,91.000
E07000178,Oxford,LTLA,2018,98.700
E10000025,Oxfordshire,UTLA,2018,110.800
E07000122,Pendle,LTLA,2018,93.700
E06000031,Peterborough,LTLA,2018,90.000
E06000026,Plymouth,LTLA,2018,96.100
E06000044,Portsmouth,LTLA,2018,87.100
E07000123,Preston,LTLA,2018,94.800
E06000038,Reading,LTLA,2018,95.600
E09000026,Redbridge,LTLA,2018,103.700
E06000003,Redcar and Cleveland,LTLA,2018,96.200
E07000236,Redditch,LTLA,2018,100.600
E07000211,Reigate and Banstead,LTLA,2018,111.600
E07000124,Ribble Valley,LTLA,2018,121.800
E09000027,Richmond upon Thames,LTLA,2018,120.900
E07000166,Richmondshire,LTLA,2018,113.600
E08000005,Rochdale,LTLA,2018,90.200
E07000075,Rochford,LTLA,2018,117.400
E07000125,Rossendale,LTLA,2018,97.500
E07000064,Rother,LTLA,2018,105.700
E08000018,Rotherham,LTLA,2018,93.900
E07000220,Rugby,LTLA,2018,102.700
E07000212,Runnymede,LTLA,2018,112.000
E07000176,Rushcliffe,LTLA,2018,120.600
E07000092,Rushmoor,LTLA,2018,102.600
E06000017,Rutland,LTLA,2018,122.400
E07000167,Ryedale,LTLA,2018,111.100
E08000006,Salford,LTLA,2018,85.000
E08000028,Sandwell,LTLA,2018,88.000
E07000168,Scarborough,LTLA,2018,101.800
E07000188,Sedgemoor,LTLA,2018,101.900
E08000014,Sefton,LTLA,2018,99.100
E07000169,Selby,LTLA,2018,111.200
E07000111,Sevenoaks,LTLA,2018,114.600
E08000019,Sheffield,LTLA,2018,97.900
E06000051,Shropshire,LTLA,2018,107.400
E06000039,Slough,LTLA,2018,89.800
E08000029,Solihull,LTLA,2018,103.600
E10000027,Somerset,UTLA,2018,105.300
E07000246,Somerset West and Taunton,LTLA,2018,103.500
E07000012,South Cambridgeshire,LTLA,2018,120.700
E07000039,South Derbyshire,LTLA,2018,112.800
E12000008,South East,Region,2018,106.300
E06000025,South Gloucestershire,LTLA,2018,111.200
E07000044,South Hams,LTLA,2018,117.400
E07000140,South Holland,LTLA,2018,101.000
E07000141,South Kesteven,LTLA,2018,107.400
E07000031,South Lakeland,LTLA,2018,117.700
E07000149,South Norfolk,LTLA,2018,115.400
E07000179,South Oxfordshire,LTLA,2018,121.000
E07000126,South Ribble,LTLA,2018,107.300
E07000189,South Somerset,LTLA,2018,109.100
E07000196,South Staffordshire,LTLA,2018,117.700
E08000023,South Tyneside,LTLA,2018,94.300
E12000009,South West,Region,2018,105.800
E06000045,Southampton,LTLA,2018,84.600
E06000033,Southend-on-Sea,LTLA,2018,97.000
E09000028,Southwark,LTLA,2018,87.200
E07000213,Spelthorne,LTLA,2018,109.700
E07000240,St Albans,LTLA,2018,115.600
E08000013,St. Helens,LTLA,2018,94.400
E07000197,Stafford,LTLA,2018,105.400
E10000028,Staffordshire,UTLA,2018,106.900
E07000198,Staffordshire Moorlands,LTLA,2018,114.000
E07000243,Stevenage,LTLA,2018,93.100
E08000007,Stockport,LTLA,2018,107.800
E06000004,Stockton-on-Tees,LTLA,2018,92.100
E06000021,Stoke-on-Trent,LTLA,2018,86.500
E07000221,Stratford-on-Avon,LTLA,2018,112.000
E07000082,Stroud,LTLA,2018,118.400
E10000029,Suffolk,UTLA,2018,106.300
E08000024,Sunderland,LTLA,2018,92.000
E10000030,Surrey,UTLA,2018,115.600
E07000214,Surrey Heath,LTLA,2018,109.200
E09000029,Sutton,LTLA,2018,109.000
E07000113,Swale,LTLA,2018,92.800
E06000030,Swindon,LTLA,2018,99.200
E08000008,Tameside,LTLA,2018,93.200
E07000199,Tamworth,LTLA,2018,100.400
E07000215,Tandridge,LTLA,2018,113.600
E07000045,Teignbridge,LTLA,2018,109.600
E06000020,Telford and Wrekin,LTLA,2018,96.400
E07000076,Tendring,LTLA,2018,91.100
E07000093,Test Valley,LTLA,2018,110.500
E07000083,Tewkesbury,LTLA,2018,114.000
E07000114,Thanet,LTLA,2018,86.500
E07000102,Three Rivers,LTLA,2018,117.700
E06000034,Thurrock,LTLA,2018,94.200
E07000115,Tonbridge and Malling,LTLA,2018,113.100
E06000027,Torbay,LTLA,2018,96.200
E07000046,Torridge,LTLA,2018,103.600
E09000030,Tower Hamlets,LTLA,2018,88.700
E08000009,Trafford,LTLA,2018,109.400
E07000116,Tunbridge Wells,LTLA,2018,113.900
E07000077,Uttlesford,LTLA,2018,118.700
E07000180,Vale of White Horse,LTLA,2018,114.100
E08000036,Wakefield,LTLA,2018,93.200
E08000030,Walsall,LTLA,2018,92.900
E09000031,Waltham Forest,LTLA,2018,100.000
E09000032,Wandsworth,LTLA,2018,103.500
E06000007,Warrington,LTLA,2018,103.300
E07000222,Warwick,LTLA,2018,115.800
E10000031,Warwickshire,UTLA,2018,106.600
E07000103,Watford,LTLA,2018,96.100
E07000216,Waverley,LTLA,2018,126.200
E07000065,Wealden,LTLA,2018,116.800
E07000241,Welwyn Hatfield,LTLA,2018,102.800
E06000037,West Berkshire,LTLA,2018,113.400
E07000047,West Devon,LTLA,2018,114.100
E07000127,West Lancashire,LTLA,2018,102.800
E07000142,West Lindsey,LTLA,2018,107.700
E12000005,West Midlands,Region,2018,97.100
E06000062,West Northamptonshire,LTLA,2018,100.900
E07000181,West Oxfordshire,LTLA,2018,115.300
E07000245,West Suffolk,LTLA,2018,109.900
E10000032,West Sussex,UTLA,2018,109.600
E09000033,Westminster,LTLA,2018,92.800
E08000010,Wigan,LTLA,2018,99.800
E06000054,Wiltshire,LTLA,2018,111.800
E07000094,Winchester,LTLA,2018,114.500
E06000040,Windsor and Maidenhead,LTLA,2018,112.600
E08000015,Wirral,LTLA,2018,102.100
E07000217,Woking,LTLA,2018,116.700
E06000041,Wokingham,LTLA,2018,121.800
E08000031,Wolverhampton,LTLA,2018,86.700
E07000237,Worcester,LTLA,2018,99.500
E10000034,Worcestershire,UTLA,2018,106.100
E07000229,Worthing,LTLA,2018,102.100
E07000238,Wychavon,LTLA,2018,109.200
E07000128,Wyre,LTLA,2018,107.000
E07000239,Wyre Forest,LTLA,2018,101.600
E06000014,York,LTLA,2018,102.300
E12000003,Yorkshire and The Humber,Region,2018,96.700
E07000223,Adur,LTLA,2019,105.400
E07000026,Allerdale,LTLA,2019,106.400
E07000032,Amber Valley,LTLA,2019,110.000
E07000224,Arun,LTLA,2019,103.800
E07000170,Ashfield,LTLA,2019,98.000
E07000105,Ashford,LTLA,2019,100.400
E07000200,Babergh,LTLA,2019,114.600
E09000002,Barking and Dagenham,LTLA,2019,90.100
E09000003,Barnet,LTLA,2019,107.300
E08000016,Barnsley,LTLA,2019,98.200
E07000027,Barrow-in-Furness,LTLA,2019,95.700
E07000066,Basildon,LTLA,2019,100.300
E07000084,Basingstoke and Deane,LTLA,2019,106.900
E07000171,Bassetlaw,LTLA,2019,96.000
E06000022,Bath and North East Somerset,LTLA,2019,112.300
E06000055,Bedford,LTLA,2019,101.000
E09000004,Bexley,LTLA,2019,102.900
E08000025,Birmingham,LTLA,2019,84.700
E07000129,Blaby,LTLA,2019,114.800
E06000008,Blackburn with Darwen,LTLA,2019,91.400
E06000009,Blackpool,LTLA,2019,78.700
E07000033,Bolsover,LTLA,2019,102.700
E08000001,Bolton,LTLA,2019,94.600
E07000136,Boston,LTLA,2019,89.500
E06000058,"Bournemouth, Christchurch and Poole",LTLA,2019,101.800
E06000036,Bracknell Forest,LTLA,2019,112.700
E08000032,Bradford,LTLA,2019,88.800
E07000067,Braintree,LTLA,2019,101.200
E07000143,Breckland,LTLA,2019,102.100
E09000005,Brent,LTLA,2019,103.700
E07000068,Brentwood,LTLA,2019,112.300
E06000043,Brighton and Hove,LTLA,2019,100.500
E06000023,"Bristol, City of",LTLA,2019,91.600
E07000144,Broadland,LTLA,2019,118.000
E09000006,Bromley,LTLA,2019,111.400
E07000234,Bromsgrove,LTLA,2019,111.300
E07000095,Broxbourne,LTLA,2019,106.400
E07000172,Broxtowe,LTLA,2019,115.100
E06000060,Buckinghamshire,LTLA,2019,112.800
E07000117,Burnley,LTLA,2019,86.200
E08000002,Bury,LTLA,2019,101.900
E08000033,Calderdale,LTLA,2019,96.000
E07000008,Cambridge,LTLA,2019,96.900
E10000003,Cambridgeshire,UTLA,2019,107.600
E09000007,Camden,LTLA,2019,91.700
E07000192,Cannock Chase,LTLA,2019,104.600
E07000106,Canterbury,LTLA,2019,96.700
E07000028,Carlisle,LTLA,2019,95.800
E07000069,Castle Point,LTLA,2019,109.300
E06000056,Central Bedfordshire,LTLA,2019,109.300
E07000130,Charnwood,LTLA,2019,109.600
E07000070,Chelmsford,LTLA,2019,110.200
E07000078,Cheltenham,LTLA,2019,110.500
E07000177,Cherwell,LTLA,2019,106.300
E06000049,Cheshire East,LTLA,2019,105.600
E06000050,Cheshire West and Chester,LTLA,2019,107.700
E07000034,Chesterfield,LTLA,2019,93.900
E07000225,Chichester,LTLA,2019,107.600
E07000118,Chorley,LTLA,2019,111.000
E07000071,Colchester,LTLA,2019,99.800
E07000029,Copeland,LTLA,2019,105.900
E06000052,Cornwall,LTLA,2019,104.100
E07000079,Cotswold,LTLA,2019,121.400
E06000047,County Durham,LTLA,2019,96.700
E08000026,Coventry,LTLA,2019,90.100
E07000163,Craven,LTLA,2019,115.500
E07000226,Crawley,LTLA,2019,101.100
E09000008,Croydon,LTLA,2019,100.400
E10000006,Cumbria,UTLA,2019,106.900
E07000096,Dacorum,LTLA,2019,109.000
E06000005,Darlington,LTLA,2019,98.200
E07000107,Dartford,LTLA,2019,96.400
E06000015,Derby,LTLA,2019,92.700
E10000007,Derbyshire,UTLA,2019,109.000
E07000035,Derbyshire Dales,LTLA,2019,120.000
E10000008,Devon,UTLA,2019,112.500
E08000017,Doncaster,LTLA,2019,90.000
E06000059,Dorset,LTLA,2019,113.800
E07000108,Dover,LTLA,2019,99.500
E08000027,Dudley,LTLA,2019,95.500
E09000009,Ealing,LTLA,2019,105.400
E07000009,East Cambridgeshire,LTLA,2019,113.000
E07000040,East Devon,LTLA,2019,117.600
E07000085,East Hampshire,LTLA,2019,119.700
E07000242,East Hertfordshire,LTLA,2019,116.700
E07000137,East Lindsey,LTLA,2019,92.200
E12000004,East Midlands,Region,2019,101.800
E12000006,East of England,Region,2019,104.600
E06000011,East Riding of Yorkshire,LTLA,2019,109.200
E07000193,East Staffordshire,LTLA,2019,103.500
E07000244,East Suffolk,LTLA,2019,106.700
E10000011,East Sussex,UTLA,2019,103.200
E07000061,Eastbourne,LTLA,2019,93.700
E07000086,Eastleigh,LTLA,2019,111.400
E07000030,Eden,LTLA,2019,120.900
E07000207,Elmbridge,LTLA,2019,122.300
E09000010,Enfield,LTLA,2019,98.000
E92000001,ENGLAND,Country,2019,100.900
E07000072,Epping Forest,LTLA,2019,109.200
E07000208,Epsom and Ewell,LTLA,2019,117.400
E07000036,Erewash,LTLA,2019,107.000
E10000012,Essex,UTLA,2019,104.600
E07000041,Exeter,LTLA,2019,105.100
E07000087,Fareham,LTLA,2019,113.000
E07000010,Fenland,LTLA,2019,92.100
E07000112,Folkestone and Hythe,LTLA,2019,98.800
E07000080,Forest of Dean,LTLA,2019,112.400
E07000119,Fylde,LTLA,2019,118.100
E08000037,Gateshead,LTLA,2019,94.700
E07000173,Gedling,LTLA,2019,111.200
E07000081,Gloucester,LTLA,2019,93.600
E10000013,Gloucestershire,UTLA,2019,111.800
E07000088,Gosport,LTLA,2019,90.000
E07000109,Gravesham,LTLA,2019,95.300
E07000145,Great Yarmouth,LTLA,2019,90.700
E09000011,Greenwich,LTLA,2019,93.800
E07000209,Guildford,LTLA,2019,114.100
E09000012,Hackney,LTLA,2019,91.400
E06000006,Halton,LTLA,2019,91.800
E07000164,Hambleton,LTLA,2019,113.700
E09000013,Hammersmith and Fulham,LTLA,2019,96.600
E10000014,Hampshire,UTLA,2019,109.600
E07000131,Harborough,LTLA,2019,114.600
E09000014,Haringey,LTLA,2019,97.500
E07000073,Harlow,LTLA,2019,88.500
E07000165,Harrogate,LTLA,2019,117.000
E09000015,Harrow,LTLA,2019,107.500
E07000089,Hart,LTLA,2019,122.400
E06000001,Hartlepool,LTLA,2019,85.400
E07000062,Hastings,LTLA,2019,90.500
E07000090,Havant,LTLA,2019,98.700
E09000016,Havering,LTLA,2019,105.200
E06000019,"Herefordshire, County of",LTLA,2019,101.300
E10000015,Hertfordshire,UTLA,2019,108.500
E07000098,Hertsmere,LTLA,2019,102.600
E07000037,High Peak,LTLA,2019,112.800
E09000017,Hillingdon,LTLA,2019,102.500
E07000132,Hinckley and Bosworth,LTLA,2019,112.300
E07000227,Horsham,LTLA,2019,120.500
E09000018,Hounslow,LTLA,2019,99.600
E07000011,Huntingdonshire,LTLA,2019,110.500
E07000120,Hyndburn,LTLA,2019,92.000
E07000202,Ipswich,LTLA,2019,89.900
E06000046,Isle of Wight,LTLA,2019,100.200
E09000019,Islington,LTLA,2019,92.800
E09000020,Kensington and Chelsea,LTLA,2019,98.600
E10000016,Kent,UTLA,2019,99.700
E07000146,King's Lynn and West Norfolk,LTLA,2019,97.800
E06000010,"Kingston upon Hull, City of",LTLA,2019,81.900
E09000021,Kingston upon Thames,LTLA,2019,110.500
E08000034,Kirklees,LTLA,2019,95.500
E08000011,Knowsley,LTLA,2019,88.100
E09000022,Lambeth,LTLA,2019,95.800
E10000017,Lancashire,UTLA,2019,101.700
E07000121,Lancaster,LTLA,2019,91.400
E08000035,Leeds,LTLA,2019,91.200
E06000016,Leicester,LTLA,2019,84.500
E10000018,Leicestershire,UTLA,2019,111.400
E07000063,Lewes,LTLA,2019,106.400
E09000023,Lewisham,LTLA,2019,98.500
E07000194,Lichfield,LTLA,2019,107.600
E07000138,Lincoln,LTLA,2019,80.000
E10000019,Lincolnshire,UTLA,2019,100.100
E08000012,Liverpool,LTLA,2019,82.600
E12000007,London,Region,2019,100.100
E06000032,Luton,LTLA,2019,92.400
E07000110,Maidstone,LTLA,2019,101.700
E07000074,Maldon,LTLA,2019,110.000
E07000235,Malvern Hills,LTLA,2019,107.700
E08000003,Manchester,LTLA,2019,81.300
E07000174,Mansfield,LTLA,2019,94.900
E06000035,Medway,LTLA,2019,97.600
E07000133,Melton,LTLA,2019,108.300
E07000187,Mendip,LTLA,2019,108.000
E09000024,Merton,LTLA,2019,109.500
E07000042,Mid Devon,LTLA,2019,113.200
E07000203,Mid Suffolk,LTLA,2019,117.700
E07000228,Mid Sussex,LTLA,2019,119.200
E06000002,Middlesbrough,LTLA,2019,79.700
E06000042,Milton Keynes,LTLA,2019,95.300
E07000210,Mole Valley,LTLA,2019,121.500
E07000091,New Forest,LTLA,2019,112.800
E07000175,Newark and Sherwood,LTLA,2019,103.400
E08000021,Newcastle upon Tyne,LTLA,2019,83.600
E07000195,Newcastle-under-Lyme,LTLA,2019,104.300
E09000025,Newham,LTLA,2019,93.900
E10000020,Norfolk,UTLA,2019,103.900
E07000043,North Devon,LTLA,2019,108.000
E12000001,North East,Region,2019,93.800
E07000038,North East Derbyshire,LTLA,2019,117.700
E06000012,North East Lincolnshire,LTLA,2019,94.000
E07000099,North Hertfordshire,LTLA,2019,115.900
E07000139,North Kesteven,LTLA,2019,119.500
E06000013,North Lincolnshire,LTLA,2019,96.700
E07000147,North Norfolk,LTLA,2019,108.900
E06000061,North Northamptonshire,LTLA,2019,99.800
E06000024,North Somerset,LTLA,2019,105.500
E08000022,North Tyneside,LTLA,2019,100.900
E07000218,North Warwickshire,LTLA,2019,104.800
E12000002,North West,Region,2019,97.200
E07000134,North West Leicestershire,LTLA,2019,109.600
E10000023,North Yorkshire,UTLA,2019,111.400
E06000057,Northumberland,LTLA,2019,102.200
E07000148,Norwich,LTLA,2019,88.000
E06000018,Nottingham,LTLA,2019,82.700
E10000024,Nottinghamshire,UTLA,2019,105.800
E07000219,Nuneaton and Bedworth,LTLA,2019,95.700
E07000135,Oadby and Wigston,LTLA,2019,110.300
E08000004,Oldham,LTLA,2019,91.300
E07000178,Oxford,LTLA,2019,99.400
E10000025,Oxfordshire,UTLA,2019,111.700
E07000122,Pendle,LTLA,2019,99.500
E06000031,Peterborough,LTLA,2019,90.800
E06000026,Plymouth,LTLA,2019,93.900
E06000044,Portsmouth,LTLA,2019,87.000
E07000123,Preston,LTLA,2019,94.500
E06000038,Reading,LTLA,2019,98.400
E09000026,Redbridge,LTLA,2019,104.900
E06000003,Redcar and Cleveland,LTLA,2019,95.700
E07000236,Redditch,LTLA,2019,100.100
E07000211,Reigate and Banstead,LTLA,2019,113.200
E07000124,Ribble Valley,LTLA,2019,127.700
E09000027,Richmond upon Thames,LTLA,2019,121.900
E07000166,Richmondshire,LTLA,2019,122.300
E08000005,Rochdale,LTLA,2019,92.600
E07000075,Rochford,LTLA,2019,118.700
E07000125,Rossendale,LTLA,2019,98.400
E07000064,Rother,LTLA,2019,103.000
E08000018,Rotherham,LTLA,2019,93.600
E07000220,Rugby,LTLA,2019,104.900
E07000212,Runnymede,LTLA,2019,113.500
E07000176,Rushcliffe,LTLA,2019,122.000
E07000092,Rushmoor,LTLA,2019,103.500
E06000017,Rutland,LTLA,2019,119.800
E07000167,Ryedale,LTLA,2019,112.400
E08000006,Salford,LTLA,2019,86.500
E08000028,Sandwell,LTLA,2019,86.400
E07000168,Scarborough,LTLA,2019,97.000
E07000188,Sedgemoor,LTLA,2019,100.000
E08000014,Sefton,LTLA,2019,102.200
E07000169,Selby,LTLA,2019,106.700
E07000111,Sevenoaks,LTLA,2019,112.600
E08000019,Sheffield,LTLA,2019,96.600
E06000051,Shropshire,LTLA,2019,109.900
E06000039,Slough,LTLA,2019,90.400
E08000029,Solihull,LTLA,2019,102.100
E10000027,Somerset,UTLA,2019,105.700
E07000246,Somerset West and Taunton,LTLA,2019,106.600
E07000012,South Cambridgeshire,LTLA,2019,119.800
E07000039,South Derbyshire,LTLA,2019,110.900
E12000008,South East,Region,2019,106.200
E06000025,South Gloucestershire,LTLA,2019,111.300
E07000044,South Hams,LTLA,2019,123.500
E07000140,South Holland,LTLA,2019,99.000
E07000141,South Kesteven,LTLA,2019,106.900
E07000031,South Lakeland,LTLA,2019,119.400
E07000149,South Norfolk,LTLA,2019,120.600
E07000179,South Oxfordshire,LTLA,2019,122.700
E07000126,South Ribble,LTLA,2019,107.100
E07000189,South Somerset,LTLA,2019,107.600
E07000196,South Staffordshire,LTLA,2019,116.900
E08000023,South Tyneside,LTLA,2019,94.100
E12000009,South West,Region,2019,106.300
E06000045,Southampton,LTLA,2019,85.800
E06000033,Southend-on-Sea,LTLA,2019,98.000
E09000028,Southwark,LTLA,2019,86.500
E07000213,Spelthorne,LTLA,2019,110.900
E07000240,St Albans,LTLA,2019,116.100
E08000013,St. Helens,LTLA,2019,95.600
E07000197,Stafford,LTLA,2019,108.400
E10000028,Staffordshire,UTLA,2019,107.300
E07000198,Staffordshire Moorlands,LTLA,2019,113.900
E07000243,Stevenage,LTLA,2019,97.000
E08000007,Stockport,LTLA,2019,104.700
E06000004,Stockton-on-Tees,LTLA,2019,95.100
E06000021,Stoke-on-Trent,LTLA,2019,86.100
E07000221,Stratford-on-Avon,LTLA,2019,114.200
E07000082,Stroud,LTLA,2019,121.400
E10000029,Suffolk,UTLA,2019,106.600
E08000024,Sunderland,LTLA,2019,90.200
E10000030,Surrey,UTLA,2019,116.300
E07000214,Surrey Heath,LTLA,2019,112.500
E09000029,Sutton,LTLA,2019,106.600
E07000113,Swale,LTLA,2019,91.900
E06000030,Swindon,LTLA,2019,99.200
E08000008,Tameside,LTLA,2019,93.100
E07000199,Tamworth,LTLA,2019,97.400
E07000215,Tandridge,LTLA,2019,113.100
E07000045,Teignbridge,LTLA,2019,114.300
E06000020,Telford and Wrekin,LTLA,2019,92.700
E07000076,Tendring,LTLA,2019,90.400
E07000093,Test Valley,LTLA,2019,111.500
E07000083,Tewkesbury,LTLA,2019,116.600
E07000114,Thanet,LTLA,2019,81.100
E07000102,Three Rivers,LTLA,2019,113.500
E06000034,Thurrock,LTLA,2019,95.400
E07000115,Tonbridge and Malling,LTLA,2019,112.800
E06000027,Torbay,LTLA,2019,95.900
E07000046,Torridge,LTLA,2019,102.400
E09000030,Tower Hamlets,LTLA,2019,92.000
E08000009,Trafford,LTLA,2019,113.200
E07000116,Tunbridge Wells,LTLA,2019,113.100
E07000077,Uttlesford,LTLA,2019,121.500
E07000180,Vale of White Horse,LTLA,2019,117.100
E08000036,Wakefield,LTLA,2019,90.600
E08000030,Walsall,LTLA,2019,91.100
E09000031,Waltham Forest,LTLA,2019,99.400
E09000032,Wandsworth,LTLA,2019,104.200
E06000007,Warrington,LTLA,2019,103.700
E07000222,Warwick,LTLA,2019,114.000
E10000031,Warwickshire,UTLA,2019,107.200
E07000103,Watford,LTLA,2019,97.500
E07000216,Waverley,LTLA,2019,125.300
E07000065,Wealden,LTLA,2019,114.700
E07000241,Welwyn Hatfield,LTLA,2019,100.600
E06000037,West Berkshire,LTLA,2019,112.800
E07000047,West Devon,LTLA,2019,114.300
E07000127,West Lancashire,LTLA,2019,100.700
E07000142,West Lindsey,LTLA,2019,107.300
E12000005,West Midlands,Region,2019,96.700
E06000062,West Northamptonshire,LTLA,2019,102.000
E07000181,West Oxfordshire,LTLA,2019,115.300
E07000245,West Suffolk,LTLA,2019,108.600
E10000032,West Sussex,UTLA,2019,109.500
E09000033,Westminster,LTLA,2019,91.200
E08000010,Wigan,LTLA,2019,100.000
E06000054,Wiltshire,LTLA,2019,111.800
E07000094,Winchester,LTLA,2019,110.900
E06000040,Windsor and Maidenhead,LTLA,2019,116.400
E08000015,Wirral,LTLA,2019,101.200
E07000217,Woking,LTLA,2019,113.600
E06000041,Wokingham,LTLA,2019,121.200
E08000031,Wolverhampton,LTLA,2019,88.100
E07000237,Worcester,LTLA,2019,103.400
E10000034,Worcestershire,UTLA,2019,105.700
E07000229,Worthing,LTLA,2019,102.900
E07000238,Wychavon,LTLA,2019,110.500
E07000128,Wyre,LTLA,2019,107.200
E07000239,Wyre Forest,LTLA,2019,99.300
E06000014,York,LTLA,2019,105.000
E12000003,Yorkshire and The Humber,Region,2019,96.100
E07000223,Adur,LTLA,2020,105.300
E07000026,Allerdale,LTLA,2020,107.300
E07000032,Amber Valley,LTLA,2020,107.400
E07000224,Arun,LTLA,2020,102.500
E07000170,Ashfield,LTLA,2020,96.700
E07000105,Ashford,LTLA,2020,98.400
E07000200,Babergh,LTLA,2020,115.500
E09000002,Barking and Dagenham,LTLA,2020,92.300
E09000003,Barnet,LTLA,2020,108.300
E08000016,Barnsley,LTLA,2020,97.100
E07000027,Barrow-in-Furness,LTLA,2020,93.200
E07000066,Basildon,LTLA,2020,97.800
E07000084,Basingstoke and Deane,LTLA,2020,107.100
E07000171,Bassetlaw,LTLA,2020,93.100
E06000022,Bath and North East Somerset,LTLA,2020,112.200
E06000055,Bedford,LTLA,2020,100.300
E09000004,Bexley,LTLA,2020,102.500
E08000025,Birmingham,LTLA,2020,83.400
E07000129,Blaby,LTLA,2020,112.800
E06000008,Blackburn with Darwen,LTLA,2020,87.700
E06000009,Blackpool,LTLA,2020,78.000
E07000033,Bolsover,LTLA,2020,98.800
E08000001,Bolton,LTLA,2020,93.900
E07000136,Boston,LTLA,2020,88.800
E06000058,"Bournemouth, Christchurch and Poole",LTLA,2020,98.100
E06000036,Bracknell Forest,LTLA,2020,111.300
E08000032,Bradford,LTLA,2020,87.100
E07000067,Braintree,LTLA,2020,104.200
E07000143,Breckland,LTLA,2020,104.200
E09000005,Brent,LTLA,2020,98.300
E07000068,Brentwood,LTLA,2020,111.300
E06000043,Brighton and Hove,LTLA,2020,98.600
E06000023,"Bristol, City of",LTLA,2020,90.900
E07000144,Broadland,LTLA,2020,117.100
E09000006,Bromley,LTLA,2020,112.600
E07000234,Bromsgrove,LTLA,2020,111.900
E07000095,Broxbourne,LTLA,2020,104.400
E07000172,Broxtowe,LTLA,2020,110.600
E06000060,Buckinghamshire,LTLA,2020,110.100
E07000117,Burnley,LTLA,2020,85.900
E08000002,Bury,LTLA,2020,97.800
E08000033,Calderdale,LTLA,2020,96.700
E07000008,Cambridge,LTLA,2020,107.600
E10000003,Cambridgeshire,UTLA,2020,109.200
E09000007,Camden,LTLA,2020,90.400
E07000192,Cannock Chase,LTLA,2020,98.700
E07000106,Canterbury,LTLA,2020,98.300
E07000028,Carlisle,LTLA,2020,92.300
E07000069,Castle Point,LTLA,2020,112.000
E06000056,Central Bedfordshire,LTLA,2020,110.500
E07000130,Charnwood,LTLA,2020,110.000
E07000070,Chelmsford,LTLA,2020,109.900
E07000078,Cheltenham,LTLA,2020,111.200
E07000177,Cherwell,LTLA,2020,104.000
E06000049,Cheshire East,LTLA,2020,109.500
E06000050,Cheshire West and Chester,LTLA,2020,108.900
E07000034,Chesterfield,LTLA,2020,96.600
E07000225,Chichester,LTLA,2020,100.200
E07000118,Chorley,LTLA,2020,111.600
E07000071,Colchester,LTLA,2020,100.000
E07000029,Copeland,LTLA,2020,101.400
E06000052,Cornwall,LTLA,2020,103.500
E07000079,Cotswold,LTLA,2020,119.000
E06000047,County Durham,LTLA,2020,95.700
E08000026,Coventry,LTLA,2020,89.600
E07000163,Craven,LTLA,2020,118.700
E07000226,Crawley,LTLA,2020,96.400
E09000008,Croydon,LTLA,2020,98.500
E10000006,Cumbria,UTLA,2020,105.200
E07000096,Dacorum,LTLA,2020,108.000
E06000005,Darlington,LTLA,2020,94.800
E07000107,Dartford,LTLA,2020,98.200
E06000015,Derby,LTLA,2020,91.300
E10000007,Derbyshire,UTLA,2020,107.500
E07000035,Derbyshire Dales,LTLA,2020,120.400
E10000008,Devon,UTLA,2020,112.000
E08000017,Doncaster,LTLA,2020,90.900
E06000059,Dorset,LTLA,2020,113.100
E07000108,Dover,LTLA,2020,95.000
E08000027,Dudley,LTLA,2020,94.200
E09000009,Ealing,LTLA,2020,103.000
E07000009,East Cambridgeshire,LTLA,2020,115.200
E07000040,East Devon,LTLA,2020,115.500
E07000085,East Hampshire,LTLA,2020,118.500
E07000242,East Hertfordshire,LTLA,2020,116.900
E07000137,East Lindsey,LTLA,2020,91.000
E12000004,East Midlands,Region,2020,101.300
E12000006,East of England,Region,2020,104.100
E06000011,East Riding of Yorkshire,LTLA,2020,109.700
E07000193,East Staffordshire,LTLA,2020,100.400
E07000244,East Suffolk,LTLA,2020,110.300
E10000011,East Sussex,UTLA,2020,103.000
E07000061,Eastbourne,LTLA,2020,94.300
E07000086,Eastleigh,LTLA,2020,111.700
E07000030,Eden,LTLA,2020,119.400
E07000207,Elmbridge,LTLA,2020,119.900
E09000010,Enfield,LTLA,2020,94.800
E92000001,ENGLAND,Country,2020,100.100
E07000072,Epping Forest,LTLA,2020,106.000
E07000208,Epsom and Ewell,LTLA,2020,109.400
E07000036,Erewash,LTLA,2020,105.700
E10000012,Essex,UTLA,2020,104.200
E07000041,Exeter,LTLA,2020,101.800
E07000087,Fareham,LTLA,2020,114.100
E07000010,Fenland,LTLA,2020,94.300
E07000112,Folkestone and Hythe,LTLA,2020,100.900
E07000080,Forest of Dean,LTLA,2020,113.700
E07000119,Fylde,LTLA,2020,110.400
E08000037,Gateshead,LTLA,2020,92.800
E07000173,Gedling,LTLA,2020,109.400
E07000081,Gloucester,LTLA,2020,92.000
E10000013,Gloucestershire,UTLA,2020,110.900
E07000088,Gosport,LTLA,2020,92.400
E07000109,Gravesham,LTLA,2020,94.300
E07000145,Great Yarmouth,LTLA,2020,89.900
E09000011,Greenwich,LTLA,2020,93.400
E07000209,Guildford,LTLA,2020,108.300
E09000012,Hackney,LTLA,2020,89.900
E06000006,Halton,LTLA,2020,88.900
E07000164,Hambleton,LTLA,2020,114.900
E09000013,Hammersmith and Fulham,LTLA,2020,99.500
E10000014,Hampshire,UTLA,2020,109.500
E07000131,Harborough,LTLA,2020,113.000
E09000014,Haringey,LTLA,2020,97.300
E07000073,Harlow,LTLA,2020,87.800
E07000165,Harrogate,LTLA,2020,118.800
E09000015,Harrow,LTLA,2020,107.200
E07000089,Hart,LTLA,2020,125.100
E06000001,Hartlepool,LTLA,2020,87.300
E07000062,Hastings,LTLA,2020,88.600
E07000090,Havant,LTLA,2020,93.900
E09000016,Havering,LTLA,2020,107.000
E06000019,"Herefordshire, County of",LTLA,2020,101.500
E10000015,Hertfordshire,UTLA,2020,106.900
E07000098,Hertsmere,LTLA,2020,98.500
E07000037,High Peak,LTLA,2020,113.000
E09000017,Hillingdon,LTLA,2020,100.200
E07000132,Hinckley and Bosworth,LTLA,2020,112.300
E07000227,Horsham,LTLA,2020,117.700
E09000018,Hounslow,LTLA,2020,99.100
E07000011,Huntingdonshire,LTLA,2020,108.700
E07000120,Hyndburn,LTLA,2020,92.400
E07000202,Ipswich,LTLA,2020,89.000
E06000046,Isle of Wight,LTLA,2020,101.800
E09000019,Islington,LTLA,2020,91.900
E09000020,Kensington and Chelsea,LTLA,2020,102.300
E10000016,Kent,UTLA,2020,99.600
E07000146,King's Lynn and West Norfolk,LTLA,2020,96.900
E06000010,"Kingston upon Hull, City of",LTLA,2020,80.000
E09000021,Kingston upon Thames,LTLA,2020,111.300
E08000034,Kirklees,LTLA,2020,95.500
E08000011,Knowsley,LTLA,2020,86.300
E09000022,Lambeth,LTLA,2020,93.700
E10000017,Lancashire,UTLA,2020,101.200
E07000121,Lancaster,LTLA,2020,93.100
E08000035,Leeds,LTLA,2020,90.700
E06000016,Leicester,LTLA,2020,86.000
E10000018,Leicestershire,UTLA,2020,111.100
E07000063,Lewes,LTLA,2020,107.800
E09000023,Lewisham,LTLA,2020,96.900
E07000194,Lichfield,LTLA,2020,105.000
E07000138,Lincoln,LTLA,2020,85.600
E10000019,Lincolnshire,UTLA,2020,100.000
E08000012,Liverpool,LTLA,2020,81.300
E12000007,London,Region,2020,99.200
E06000032,Luton,LTLA,2020,90.800
E07000110,Maidstone,LTLA,2020,101.600
E07000074,Maldon,LTLA,2020,107.700
E07000235,Malvern Hills,LTLA,2020,106.700
E08000003,Manchester,LTLA,2020,79.500
E07000174,Mansfield,LTLA,2020,94.200
E06000035,Medway,LTLA,2020,96.100
E07000133,Melton,LTLA,2020,107.200
E07000187,Mendip,LTLA,2020,106.100
E09000024,Merton,LTLA,2020,105.700
E07000042,Mid Devon,LTLA,2020,114.900
E07000203,Mid Suffolk,LTLA,2020,117.600
E07000228,Mid Sussex,LTLA,2020,120.500
E06000002,Middlesbrough,LTLA,2020,79.100
E06000042,Milton Keynes,LTLA,2020,97.900
E07000210,Mole Valley,LTLA,2020,114.000
E07000091,New Forest,LTLA,2020,109.800
E07000175,Newark and Sherwood,LTLA,2020,101.300
E08000021,Newcastle upon Tyne,LTLA,2020,87.400
E07000195,Newcastle-under-Lyme,LTLA,2020,105.900
E09000025,Newham,LTLA,2020,93.400
E10000020,Norfolk,UTLA,2020,102.600
E07000043,North Devon,LTLA,2020,105.700
E12000001,North East,Region,2020,93.400
E07000038,North East Derbyshire,LTLA,2020,112.400
E06000012,North East Lincolnshire,LTLA,2020,93.600
E07000099,North Hertfordshire,LTLA,2020,114.000
E07000139,North Kesteven,LTLA,2020,116.200
E06000013,North Lincolnshire,LTLA,2020,98.100
E07000147,North Norfolk,LTLA,2020,106.800
E06000061,North Northamptonshire,LTLA,2020,99.600
E06000024,North Somerset,LTLA,2020,103.500
E08000022,North Tyneside,LTLA,2020,100.500
E07000218,North Warwickshire,LTLA,2020,101.700
E12000002,North West,Region,2020,96.200
E07000134,North West Leicestershire,LTLA,2020,109.000
E10000023,North Yorkshire,UTLA,2020,111.800
E06000057,Northumberland,LTLA,2020,100.900
E07000148,Norwich,LTLA,2020,87.200
E06000018,Nottingham,LTLA,2020,83.200
E10000024,Nottinghamshire,UTLA,2020,103.900
E07000219,Nuneaton and Bedworth,LTLA,2020,95.800
E07000135,Oadby and Wigston,LTLA,2020,113.700
E08000004,Oldham,LTLA,2020,92.900
E07000178,Oxford,LTLA,2020,99.500
E10000025,Oxfordshire,UTLA,2020,110.800
E07000122,Pendle,LTLA,2020,94.100
E06000031,Peterborough,LTLA,2020,85.700
E06000026,Plymouth,LTLA,2020,96.200
E06000044,Portsmouth,LTLA,2020,85.400
E07000123,Preston,LTLA,2020,95.500
E06000038,Reading,LTLA,2020,93.800
E09000026,Redbridge,LTLA,2020,101.800
E06000003,Redcar and Cleveland,LTLA,2020,92.100
E07000236,Redditch,LTLA,2020,96.000
E07000211,Reigate and Banstead,LTLA,2020,110.000
E07000124,Ribble Valley,LTLA,2020,122.600
E09000027,Richmond upon Thames,LTLA,2020,119.200
E07000166,Richmondshire,LTLA,2020,115.200
E08000005,Rochdale,LTLA,2020,90.700
E07000075,Rochford,LTLA,2020,115.600
E07000125,Rossendale,LTLA,2020,96.300
E07000064,Rother,LTLA,2020,104.300
E08000018,Rotherham,LTLA,2020,96.200
E07000220,Rugby,LTLA,2020,105.500
E07000212,Runnymede,LTLA,2020,112.000
E07000176,Rushcliffe,LTLA,2020,121.900
E07000092,Rushmoor,LTLA,2020,105.400
E06000017,Rutland,LTLA,2020,122.700
E07000167,Ryedale,LTLA,2020,112.900
E08000006,Salford,LTLA,2020,85.500
E08000028,Sandwell,LTLA,2020,84.800
E07000168,Scarborough,LTLA,2020,95.300
E07000188,Sedgemoor,LTLA,2020,102.200
E08000014,Sefton,LTLA,2020,99.800
E07000169,Selby,LTLA,2020,108.700
E07000111,Sevenoaks,LTLA,2020,111.200
E08000019,Sheffield,LTLA,2020,94.300
E06000051,Shropshire,LTLA,2020,109.100
E06000039,Slough,LTLA,2020,92.400
E08000029,Solihull,LTLA,2020,99.500
E10000027,Somerset,UTLA,2020,105.500
E07000246,Somerset West and Taunton,LTLA,2020,103.800
E07000012,South Cambridgeshire,LTLA,2020,117.200
E07000039,South Derbyshire,LTLA,2020,108.500
E12000008,South East,Region,2020,105.000
E06000025,South Gloucestershire,LTLA,2020,110.000
E07000044,South Hams,LTLA,2020,120.900
E07000140,South Holland,LTLA,2020,101.400
E07000141,South Kesteven,LTLA,2020,107.400
E07000031,South Lakeland,LTLA,2020,119.600
E07000149,South Norfolk,LTLA,2020,114.500
E07000179,South Oxfordshire,LTLA,2020,121.700
E07000126,South Ribble,LTLA,2020,112.100
E07000189,South Somerset,LTLA,2020,109.100
E07000196,South Staffordshire,LTLA,2020,113.900
E08000023,South Tyneside,LTLA,2020,93.300
E12000009,South West,Region,2020,105.600
E06000045,Southampton,LTLA,2020,84.000
E06000033,Southend-on-Sea,LTLA,2020,96.400
E09000028,Southwark,LTLA,2020,85.700
E07000213,Spelthorne,LTLA,2020,104.300
E07000240,St Albans,LTLA,2020,114.600
E08000013,St. Helens,LTLA,2020,94.000
E07000197,Stafford,LTLA,2020,107.000
E10000028,Staffordshire,UTLA,2020,105.800
E07000198,Staffordshire Moorlands,LTLA,2020,115.400
E07000243,Stevenage,LTLA,2020,91.900
E08000007,Stockport,LTLA,2020,104.200
E06000004,Stockton-on-Tees,LTLA,2020,96.100
E06000021,Stoke-on-Trent,LTLA,2020,87.100
E07000221,Stratford-on-Avon,LTLA,2020,113.800
E07000082,Stroud,LTLA,2020,118.900
E10000029,Suffolk,UTLA,2020,107.500
E08000024,Sunderland,LTLA,2020,89.800
E10000030,Surrey,UTLA,2020,112.600
E07000214,Surrey Heath,LTLA,2020,113.400
E09000029,Sutton,LTLA,2020,108.400
E07000113,Swale,LTLA,2020,93.100
E06000030,Swindon,LTLA,2020,99.600
E08000008,Tameside,LTLA,2020,91.000
E07000199,Tamworth,LTLA,2020,98.400
E07000215,Tandridge,LTLA,2020,113.300
E07000045,Teignbridge,LTLA,2020,116.200
E06000020,Telford and Wrekin,LTLA,2020,93.400
E07000076,Tendring,LTLA,2020,91.200
E07000093,Test Valley,LTLA,2020,110.500
E07000083,Tewkesbury,LTLA,2020,116.000
E07000114,Thanet,LTLA,2020,83.800
E07000102,Three Rivers,LTLA,2020,114.100
E06000034,Thurrock,LTLA,2020,98.900
E07000115,Tonbridge and Malling,LTLA,2020,107.300
E06000027,Torbay,LTLA,2020,93.900
E07000046,Torridge,LTLA,2020,107.800
E09000030,Tower Hamlets,LTLA,2020,87.800
E08000009,Trafford,LTLA,2020,110.900
E07000116,Tunbridge Wells,LTLA,2020,115.400
E07000077,Uttlesford,LTLA,2020,121.300
E07000180,Vale of White Horse,LTLA,2020,116.800
E08000036,Wakefield,LTLA,2020,92.600
E08000030,Walsall,LTLA,2020,89.700
E09000031,Waltham Forest,LTLA,2020,100.600
E09000032,Wandsworth,LTLA,2020,101.500
E06000007,Warrington,LTLA,2020,104.400
E07000222,Warwick,LTLA,2020,114.700
E10000031,Warwickshire,UTLA,2020,107.100
E07000103,Watford,LTLA,2020,92.700
E07000216,Waverley,LTLA,2020,119.000
E07000065,Wealden,LTLA,2020,113.000
E07000241,Welwyn Hatfield,LTLA,2020,101.700
E06000037,West Berkshire,LTLA,2020,113.500
E07000047,West Devon,LTLA,2020,115.200
E07000127,West Lancashire,LTLA,2020,100.400
E07000142,West Lindsey,LTLA,2020,104.500
E12000005,West Midlands,Region,2020,95.700
E06000062,West Northamptonshire,LTLA,2020,102.400
E07000181,West Oxfordshire,LTLA,2020,114.200
E07000245,West Suffolk,LTLA,2020,107.500
E10000032,West Sussex,UTLA,2020,106.800
E09000033,Westminster,LTLA,2020,93.700
E08000010,Wigan,LTLA,2020,95.100
E06000054,Wiltshire,LTLA,2020,111.100
E07000094,Winchester,LTLA,2020,113.700
E06000040,Windsor and Maidenhead,LTLA,2020,114.100
E08000015,Wirral,LTLA,2020,101.100
E07000217,Woking,LTLA,2020,114.100
E06000041,Wokingham,LTLA,2020,118.300
E08000031,Wolverhampton,LTLA,2020,89.000
E07000237,Worcester,LTLA,2020,100.900
E10000034,Worcestershire,UTLA,2020,103.300
E07000229,Worthing,LTLA,2020,98.300
E07000238,Wychavon,LTLA,2020,106.200
E07000128,Wyre,LTLA,2020,107.400
E07000239,Wyre Forest,LTLA,2020,96.800
E06000014,York,LTLA,2020,104.400
E12000003,Yorkshire and The Humber,Region,2020,95.900
E07000223,Adur,LTLA,2021,102.300
E07000026,Allerdale,LTLA,2021,107.700
E07000032,Amber Valley,LTLA,2021,111.000
E07000224,Arun,LTLA,2021,105.000
E07000170,Ashfield,LTLA,2021,99.500
E07000105,Ashford,LTLA,2021,96.400
E07000200,Babergh,LTLA,2021,114.100
E09000002,Barking and Dagenham,LTLA,2021,93.800
E09000003,Barnet,LTLA,2021,108.800
E08000016,Barnsley,LTLA,2021,95.500
E07000027,Barrow-in-Furness,LTLA,2021,93.700
E07000066,Basildon,LTLA,2021,100.600
E07000084,Basingstoke and Deane,LTLA,2021,106.700
E07000171,Bassetlaw,LTLA,2021,93.800
E06000022,Bath and North East Somerset,LTLA,2021,114.900
E06000055,Bedford,LTLA,2021,100.800
E09000004,Bexley,LTLA,2021,100.800
E08000025,Birmingham,LTLA,2021,84.200
E07000129,Blaby,LTLA,2021,116.600
E06000008,Blackburn with Darwen,LTLA,2021,86.700
E06000009,Blackpool,LTLA,2021,76.500
E07000033,Bolsover,LTLA,2021,97.700
E08000001,Bolton,LTLA,2021,94.500
E07000136,Boston,LTLA,2021,88.000
E06000058,"Bournemouth, Christchurch and Poole",LTLA,2021,100.900
E06000036,Bracknell Forest,LTLA,2021,109.200
E08000032,Bradford,LTLA,2021,88.000
E07000067,Braintree,LTLA,2021,106.200
E07000143,Breckland,LTLA,2021,103.300
E09000005,Brent,LTLA,2021,102.000
E07000068,Brentwood,LTLA,2021,112.000
E06000043,Brighton and Hove,LTLA,2021,98.600
E06000023,"Bristol, City of",LTLA,2021,91.400
E07000144,Broadland,LTLA,2021,117.100
E09000006,Bromley,LTLA,2021,111.900
E07000234,Bromsgrove,LTLA,2021,118.200
E07000095,Broxbourne,LTLA,2021,106.100
E07000172,Broxtowe,LTLA,2021,111.500
E06000060,Buckinghamshire,LTLA,2021,112.700
E07000117,Burnley,LTLA,2021,85.400
E08000002,Bury,LTLA,2021,96.300
E08000033,Calderdale,LTLA,2021,96.900
E07000008,Cambridge,LTLA,2021,102.300
E10000003,Cambridgeshire,UTLA,2021,109.400
E09000007,Camden,LTLA,2021,95.700
E07000192,Cannock Chase,LTLA,2021,104.400
E07000106,Canterbury,LTLA,2021,96.500
E07000028,Carlisle,LTLA,2021,101.800
E07000069,Castle Point,LTLA,2021,110.400
E06000056,Central Bedfordshire,LTLA,2021,112.200
E07000130,Charnwood,LTLA,2021,112.900
E07000070,Chelmsford,LTLA,2021,109.400
E07000078,Cheltenham,LTLA,2021,114.100
E07000177,Cherwell,LTLA,2021,106.200
E06000049,Cheshire East,LTLA,2021,107.600
E06000050,Cheshire West and Chester,LTLA,2021,107.700
E07000034,Chesterfield,LTLA,2021,94.900
E07000225,Chichester,LTLA,2021,107.700
E07000118,Chorley,LTLA,2021,111.200
E07000071,Colchester,LTLA,2021,96.300
E07000029,Copeland,LTLA,2021,104.600
E06000052,Cornwall,LTLA,2021,103.200
E07000079,Cotswold,LTLA,2021,118.700
E06000047,County Durham,LTLA,2021,95.700
E08000026,Coventry,LTLA,2021,90.000
E07000163,Craven,LTLA,2021,114.400
E07000226,Crawley,LTLA,2021,98.600
E09000008,Croydon,LTLA,2021,98.600
E10000006,Cumbria,UTLA,2021,108.100
E07000096,Dacorum,LTLA,2021,107.000
E06000005,Darlington,LTLA,2021,94.700
E07000107,Dartford,LTLA,2021,98.500
E06000015,Derby,LTLA,2021,90.400
E10000007,Derbyshire,UTLA,2021,108.700
E07000035,Derbyshire Dales,LTLA,2021,119.200
E10000008,Devon,UTLA,2021,111.500
E08000017,Doncaster,LTLA,2021,91.500
E06000059,Dorset,LTLA,2021,112.800
E07000108,Dover,LTLA,2021,98.800
E08000027,Dudley,LTLA,2021,95.600
E09000009,Ealing,LTLA,2021,107.100
E07000009,East Cambridgeshire,LTLA,2021,115.300
E07000040,East Devon,LTLA,2021,114.000
E07000085,East Hampshire,LTLA,2021,117.100
E07000242,East Hertfordshire,LTLA,2021,117.900
E07000137,East Lindsey,LTLA,2021,92.200
E12000004,East Midlands,Region,2021,101.000
E12000006,East of England,Region,2021,105.400
E06000011,East Riding of Yorkshire,LTLA,2021,108.100
E07000193,East Staffordshire,LTLA,2021,102.100
E07000244,East Suffolk,LTLA,2021,112.400
E10000011,East Sussex,UTLA,2021,105.800
E07000061,Eastbourne,LTLA,2021,96.400
E07000086,Eastleigh,LTLA,2021,114.700
E07000030,Eden,LTLA,2021,117.400
E07000207,Elmbridge,LTLA,2021,124.100
E09000010,Enfield,LTLA,2021,96.200
E92000001,ENGLAND,Country,2021,100.800
E07000072,Epping Forest,LTLA,2021,107.900
E07000208,Epsom and Ewell,LTLA,2021,111.300
E07000036,Erewash,LTLA,2021,107.100
E10000012,Essex,UTLA,2021,105.000
E07000041,Exeter,LTLA,2021,103.000
E07000087,Fareham,LTLA,2021,116.100
E07000010,Fenland,LTLA,2021,93.200
E07000112,Folkestone and Hythe,LTLA,2021,97.200
E07000080,Forest of Dean,LTLA,2021,110.100
E07000119,Fylde,LTLA,2021,111.900
E08000037,Gateshead,LTLA,2021,94.000
E07000173,Gedling,LTLA,2021,111.200
E07000081,Gloucester,LTLA,2021,95.200
E10000013,Gloucestershire,UTLA,2021,111.300
E07000088,Gosport,LTLA,2021,91.700
E07000109,Gravesham,LTLA,2021,95.100
E07000145,Great Yarmouth,LTLA,2021,97.500
E09000011,Greenwich,LTLA,2021,90.500
E07000209,Guildford,LTLA,2021,111.600
E09000012,Hackney,LTLA,2021,90.500
E06000006,Halton,LTLA,2021,91.600
E07000164,Hambleton,LTLA,2021,119.900
E09000013,Hammersmith and Fulham,LTLA,2021,98.400
E10000014,Hampshire,UTLA,2021,110.900
E07000131,Harborough,LTLA,2021,112.600
E09000014,Haringey,LTLA,2021,98.500
E07000073,Harlow,LTLA,2021,90.200
E07000165,Harrogate,LTLA,2021,124.900
E09000015,Harrow,LTLA,2021,110.300
E07000089,Hart,LTLA,2021,122.900
E06000001,Hartlepool,LTLA,2021,87.200
E07000062,Hastings,LTLA,2021,91.900
E07000090,Havant,LTLA,2021,98.600
E09000016,Havering,LTLA,2021,104.400
E06000019,"Herefordshire, County of",LTLA,2021,99.900
E10000015,Hertfordshire,UTLA,2021,109.100
E07000098,Hertsmere,LTLA,2021,103.200
E07000037,High Peak,LTLA,2021,117.700
E09000017,Hillingdon,LTLA,2021,103.300
E07000132,Hinckley and Bosworth,LTLA,2021,113.200
E07000227,Horsham,LTLA,2021,121.900
E09000018,Hounslow,LTLA,2021,101.300
E07000011,Huntingdonshire,LTLA,2021,112.000
E07000120,Hyndburn,LTLA,2021,90.900
E07000202,Ipswich,LTLA,2021,90.400
E06000046,Isle of Wight,LTLA,2021,98.100
E09000019,Islington,LTLA,2021,96.200
E09000020,Kensington and Chelsea,LTLA,2021,101.600
E10000016,Kent,UTLA,2021,100.000
E07000146,King's Lynn and West Norfolk,LTLA,2021,97.500
E06000010,"Kingston upon Hull, City of",LTLA,2021,77.500
E09000021,Kingston upon Thames,LTLA,2021,110.900
E08000034,Kirklees,LTLA,2021,97.000
E08000011,Knowsley,LTLA,2021,82.800
E09000022,Lambeth,LTLA,2021,93.300
E10000017,Lancashire,UTLA,2021,100.400
E07000121,Lancaster,LTLA,2021,93.500
E08000035,Leeds,LTLA,2021,91.300
E06000016,Leicester,LTLA,2021,83.600
E10000018,Leicestershire,UTLA,2021,111.700
E07000063,Lewes,LTLA,2021,109.000
E09000023,Lewisham,LTLA,2021,99.100
E07000194,Lichfield,LTLA,2021,113.100
E07000138,Lincoln,LTLA,2021,85.300
E10000019,Lincolnshire,UTLA,2021,99.400
E08000012,Liverpool,LTLA,2021,79.900
E12000007,London,Region,2021,100.300
E06000032,Luton,LTLA,2021,92.900
E07000110,Maidstone,LTLA,2021,102.800
E07000074,Maldon,LTLA,2021,106.800
E07000235,Malvern Hills,LTLA,2021,106.000
E08000003,Manchester,LTLA,2021,81.800
E07000174,Mansfield,LTLA,2021,91.600
E06000035,Medway,LTLA,2021,92.400
E07000133,Melton,LTLA,2021,104.900
E07000187,Mendip,LTLA,2021,105.600
E09000024,Merton,LTLA,2021,107.100
E07000042,Mid Devon,LTLA,2021,115.500
E07000203,Mid Suffolk,LTLA,2021,119.800
E07000228,Mid Sussex,LTLA,2021,120.400
E06000002,Middlesbrough,LTLA,2021,80.200
E06000042,Milton Keynes,LTLA,2021,97.100
E07000210,Mole Valley,LTLA,2021,117.100
E07000091,New Forest,LTLA,2021,110.500
E07000175,Newark and Sherwood,LTLA,2021,98.900
E08000021,Newcastle upon Tyne,LTLA,2021,89.000
E07000195,Newcastle-under-Lyme,LTLA,2021,108.000
E09000025,Newham,LTLA,2021,93.700
E10000020,Norfolk,UTLA,2021,103.800
E07000043,North Devon,LTLA,2021,107.500
E12000001,North East,Region,2021,93.800
E07000038,North East Derbyshire,LTLA,2021,112.300
E06000012,North East Lincolnshire,LTLA,2021,93.600
E07000099,North Hertfordshire,LTLA,2021,120.100
E07000139,North Kesteven,LTLA,2021,114.800
E06000013,North Lincolnshire,LTLA,2021,98.300
E07000147,North Norfolk,LTLA,2021,108.600
E06000061,North Northamptonshire,LTLA,2021,99.200
E06000024,North Somerset,LTLA,2021,104.100
E08000022,North Tyneside,LTLA,2021,98.700
E07000218,North Warwickshire,LTLA,2021,103.900
E12000002,North West,Region,2021,96.400
E07000134,North West Leicestershire,LTLA,2021,107.300
E10000023,North Yorkshire,UTLA,2021,114.800
E06000057,Northumberland,LTLA,2021,100.900
E07000148,Norwich,LTLA,2021,88.200
E06000018,Nottingham,LTLA,2021,82.000
E10000024,Nottinghamshire,UTLA,2021,104.000
E07000219,Nuneaton and Bedworth,LTLA,2021,98.500
E07000135,Oadby and Wigston,LTLA,2021,109.100
E08000004,Oldham,LTLA,2021,91.100
E07000178,Oxford,LTLA,2021,101.400
E10000025,Oxfordshire,UTLA,2021,112.200
E07000122,Pendle,LTLA,2021,98.100
E06000031,Peterborough,LTLA,2021,84.100
E06000026,Plymouth,LTLA,2021,94.700
E06000044,Portsmouth,LTLA,2021,83.800
E07000123,Preston,LTLA,2021,89.600
E06000038,Reading,LTLA,2021,94.400
E09000026,Redbridge,LTLA,2021,100.400
E06000003,Redcar and Cleveland,LTLA,2021,92.500
E07000236,Redditch,LTLA,2021,95.000
E07000211,Reigate and Banstead,LTLA,2021,112.200
E07000124,Ribble Valley,LTLA,2021,121.900
E09000027,Richmond upon Thames,LTLA,2021,118.500
E07000166,Richmondshire,LTLA,2021,121.200
E08000005,Rochdale,LTLA,2021,91.000
E07000075,Rochford,LTLA,2021,122.000
E07000125,Rossendale,LTLA,2021,95.300
E07000064,Rother,LTLA,2021,108.300
E08000018,Rotherham,LTLA,2021,95.500
E07000220,Rugby,LTLA,2021,103.800
E07000212,Runnymede,LTLA,2021,106.500
E07000176,Rushcliffe,LTLA,2021,121.000
E07000092,Rushmoor,LTLA,2021,105.600
E06000017,Rutland,LTLA,2021,124.600
E07000167,Ryedale,LTLA,2021,111.000
E08000006,Salford,LTLA,2021,83.500
E08000028,Sandwell,LTLA,2021,85.300
E07000168,Scarborough,LTLA,2021,97.100
E07000188,Sedgemoor,LTLA,2021,101.100
E08000014,Sefton,LTLA,2021,100.600
E07000169,Selby,LTLA,2021,111.500
E07000111,Sevenoaks,LTLA,2021,113.200
E08000019,Sheffield,LTLA,2021,96.200
E06000051,Shropshire,LTLA,2021,108.800
E06000039,Slough,LTLA,2021,90.900
E08000029,Solihull,LTLA,2021,100.300
E10000027,Somerset,UTLA,2021,105.100
E07000246,Somerset West and Taunton,LTLA,2021,106.300
E07000012,South Cambridgeshire,LTLA,2021,118.800
E07000039,South Derbyshire,LTLA,2021,111.300
E12000008,South East,Region,2021,106.100
E06000025,South Gloucestershire,LTLA,2021,111.200
E07000044,South Hams,LTLA,2021,119.700
E07000140,South Holland,LTLA,2021,94.400
E07000141,South Kesteven,LTLA,2021,107.700
E07000031,South Lakeland,LTLA,2021,121.600
E07000149,South Norfolk,LTLA,2021,115.200
E07000179,South Oxfordshire,LTLA,2021,120.200
E07000126,South Ribble,LTLA,2021,107.400
E07000189,South Somerset,LTLA,2021,106.500
E07000196,South Staffordshire,LTLA,2021,115.800
E08000023,South Tyneside,LTLA,2021,94.800
E12000009,South West,Region,2021,105.800
E06000045,Southampton,LTLA,2021,86.600
E06000033,Southend-on-Sea,LTLA,2021,99.000
E09000028,Southwark,LTLA,2021,86.400
E07000213,Spelthorne,LTLA,2021,104.900
E07000240,St Albans,LTLA,2021,115.300
E08000013,St. Helens,LTLA,2021,96.300
E07000197,Stafford,LTLA,2021,108.800
E10000028,Staffordshire,UTLA,2021,108.800
E07000198,Staffordshire Moorlands,LTLA,2021,115.000
E07000243,Stevenage,LTLA,2021,91.700
E08000007,Stockport,LTLA,2021,105.400
E06000004,Stockton-on-Tees,LTLA,2021,94.800
E06000021,Stoke-on-Trent,LTLA,2021,88.400
E07000221,Stratford-on-Avon,LTLA,2021,116.500
E07000082,Stroud,LTLA,2021,117.100
E10000029,Suffolk,UTLA,2021,108.900
E08000024,Sunderland,LTLA,2021,91.400
E10000030,Surrey,UTLA,2021,115.200
E07000214,Surrey Heath,LTLA,2021,122.300
E09000029,Sutton,LTLA,2021,106.700
E07000113,Swale,LTLA,2021,94.000
E06000030,Swindon,LTLA,2021,99.500
E08000008,Tameside,LTLA,2021,93.800
E07000199,Tamworth,LTLA,2021,102.100
E07000215,Tandridge,LTLA,2021,118.000
E07000045,Teignbridge,LTLA,2021,114.600
E06000020,Telford and Wrekin,LTLA,2021,89.600
E07000076,Tendring,LTLA,2021,92.900
E07000093,Test Valley,LTLA,2021,113.500
E07000083,Tewkesbury,LTLA,2021,116.100
E07000114,Thanet,LTLA,2021,88.400
E07000102,Three Rivers,LTLA,2021,118.400
E06000034,Thurrock,LTLA,2021,99.900
E07000115,Tonbridge and Malling,LTLA,2021,107.600
E06000027,Torbay,LTLA,2021,95.700
E07000046,Torridge,LTLA,2021,108.100
E09000030,Tower Hamlets,LTLA,2021,91.100
E08000009,Trafford,LTLA,2021,111.300
E07000116,Tunbridge Wells,LTLA,2021,114.200
E07000077,Uttlesford,LTLA,2021,122.400
E07000180,Vale of White Horse,LTLA,2021,116.400
E08000036,Wakefield,LTLA,2021,93.200
E08000030,Walsall,LTLA,2021,89.100
E09000031,Waltham Forest,LTLA,2021,104.300
E09000032,Wandsworth,LTLA,2021,104.100
E06000007,Warrington,LTLA,2021,105.400
E07000222,Warwick,LTLA,2021,112.700
E10000031,Warwickshire,UTLA,2021,107.700
E07000103,Watford,LTLA,2021,100.400
E07000216,Waverley,LTLA,2021,123.100
E07000065,Wealden,LTLA,2021,116.300
E07000241,Welwyn Hatfield,LTLA,2021,101.200
E06000037,West Berkshire,LTLA,2021,114.200
E07000047,West Devon,LTLA,2021,110.700
E07000127,West Lancashire,LTLA,2021,103.900
E07000142,West Lindsey,LTLA,2021,106.700
E12000005,West Midlands,Region,2021,96.500
E06000062,West Northamptonshire,LTLA,2021,100.000
E07000181,West Oxfordshire,LTLA,2021,119.800
E07000245,West Suffolk,LTLA,2021,109.100
E10000032,West Sussex,UTLA,2021,109.400
E09000033,Westminster,LTLA,2021,96.900
E08000010,Wigan,LTLA,2021,100.500
E06000054,Wiltshire,LTLA,2021,110.800
E07000094,Winchester,LTLA,2021,119.100
E06000040,Windsor and Maidenhead,LTLA,2021,115.100
E08000015,Wirral,LTLA,2021,98.900
E07000217,Woking,LTLA,2021,113.200
E06000041,Wokingham,LTLA,2021,118.900
E08000031,Wolverhampton,LTLA,2021,87.600
E07000237,Worcester,LTLA,2021,104.500
E10000034,Worcestershire,UTLA,2021,105.100
E07000229,Worthing,LTLA,2021,101.100
E07000238,Wychavon,LTLA,2021,108.400
E07000128,Wyre,LTLA,2021,105.000
E07000239,Wyre Forest,LTLA,2021,96.400
E06000014,York,LTLA,2021,105.300
E12000003,Yorkshire and The Humber,Region,2021,96.500
